Country,year,REER,ccode,NOMLRATE,log_RPUBINV,log_RGDP,growth_RGDP,UNRATE,PDEBT,INVGDP,OUTPUTGAP,PRIMARYBAL,PUBINVRATIO,forecasterror,INVGDP_diff
Austria,2000,99.84169,AUT,5.56,2.018286295,5.629468029,0.031397194,3.8,66.4976,23.00406578,1.81007,1.1766289,2.7019896,-0.228504606,NA
Austria,2001,99.56379,AUT,5.08,1.93987467,5.642552004,0.013083975,3.9,67.0794,22.46216837,0.6925932,2.9179896,2.4657422,-0.418459586,-0.54189741
Austria,2002,99.96824,AUT,4.96,2.051345666,5.657286512,0.014734508,4.3,67.2164,20.90689904,-0.0735082,2.0522159,2.7161875,0.15499652,-1.55526933
Austria,2003,103.22345,AUT,4.14,2.018069411,5.668637694,0.011351182,4.6,66.2301,21.59646468,-1.1514137,1.3673742,2.5976366,0.047357685,0.68956564
Austria,2004,103.92454,AUT,4.13,2.006517374,5.693966499,0.025328805,5.9,65.679,21.26467053,-0.8971263,-1.8884374,2.5035781,-0.03322183,-0.33179415
Austria,2005,102.43629,AUT,3.39,2.210803145,5.716905042,0.022938544,6,69.1104,20.23321124,-0.8626274,0.6778944,3.001368,0.129156573,-1.03145929
Austria,2006,101.45346,AUT,3.8,2.2274702,5.749075671,0.032170629,5.7,67.7876,19.87548024,0.2978718,0.5639452,2.9551958,0.057454462,-0.357731
Austria,2008,102.32698,AUT,4.36,2.392190007,5.800561,0.014428557,4.4,69.1494,20.22428252,2.0723702,1.403801,3.3095069,0.100550784,0.34880228
Austria,2009,103.49181,AUT,3.94,2.390116726,5.764039394,-0.036521606,5.7,80.3477,19.23820562,-2.5289734,-2.1706537,3.4254999,0.019250205,-0.9860769
Austria,2010,99.96518,AUT,3.23,2.367641082,5.781967609,0.017928214,5.2,83.2159,18.57129351,-1.5191722,-1.5008811,3.2898554,-0.032353894,-0.66691211
Austria,2011,100.42634,AUT,3.32,2.320202203,5.810821828,0.028854219,4.9,82.9692,19.6591783,0.4550574,0.3613495,3.0481974,-0.012082522,1.08788479
Austria,2012,98.61284,AUT,2.37,2.296084657,5.817084789,0.006262961,5.2,82.4541,19.99577371,0.1401344,0.6094866,2.9569846,0.02150821,0.33659541
Austria,2013,100.68019,AUT,2.01,2.334964921,5.814574372,-0.002510417,5.7,81.954,20.23016161,-1.1009724,0.6643914,3.0819444,0.011792856,0.2343879
Austria,2014,102.39853,AUT,1.49,2.317407902,5.822104033,0.007529661,6,84.8196,19.96158897,-1.3330424,0.5415895,3.0055907,0.022336038,-0.26857264
Austria,2015,100,AUT,0.75,2.326272322,5.835054859,0.012950826,6.1,85.4366,19.90262611,-1.260955,1.8748403,2.9933331,0.03623646,-0.05896286
Austria,2016,101.68826,AUT,0.38,2.346864973,5.856006156,0.020951297,6.5,83.293,20.32965797,-0.5251469,0.6446674,2.9922601,0.1138229,0.42703186
Austria,2017,102.81243,AUT,0.58,2.407780542,5.878474333,0.022468176,5.9,78.9424,20.73638921,0.4083117,1.0717355,3.1095449,0.1317465,0.40673124
Austria,2018,104.91046,AUT,0.69,2.424155193,5.903012963,0.024538631,5.2,74.4771,21.22933673,1.5650285,1.8282653,3.0842619,-0.0018939,0.49294752
Austria,2019,103.86536,AUT,0.06,2.458658624,5.920410628,0.017397665,4.8,70.896,21.9426353,2.0682478,1.9676388,3.1374748,0.1786546,0.71329857
Austria,2020,106.0427,AUT,-0.22,2.451549184,5.855143749,-0.06526688,6,83.183,21.80891302,-5.3252876,-6.8542242,3.3253525,0.0530514,-0.13372228
Austria,2021,106.17433,AUT,-0.09,2.57271511,5.901982811,0.046839062,6.2,82.3946,22.29383153,-1.9544695,-4.58837,3.5819329,0.3153201,0.48491851
Austria,2022,103.96091,AUT,1.71,2.587940508,5.953416107,0.051433296,4.8,78.3756,22.01960905,1.9925373,-2.3562153,3.4545587,0.1741128,-0.27422248
Austria,2023,107.95906,AUT,3.08,2.641671954,5.943820438,-0.009595668,5.1,78.5519,21.22084405,-0.0305834,-1.4167586,3.6804008,0.2770794,-0.798765
Belgium,2000,96.01966,BEL,5.59,2.064925813,5.803611641,0.036492994,7.1,109.5887,20.12852977,2.0383389,6.6348931,2.3785341,0.196039035,NA
Belgium,2001,96.67706,BEL,5.13,1.961221774,5.814547668,0.010936027,6.7,108.2171,20.26936284,0.6399905,6.8043228,2.120908,0.168717054,0.14083307
Belgium,2002,97.36978,BEL,4.99,1.951267014,5.831472569,0.016924901,7.6,105.4363,18.63176605,0.0495878,5.7954833,2.0646581,0.160776308,-1.63759679
Belgium,2003,101.57211,BEL,4.18,1.976072645,5.841798633,0.010326063,8.3,101.6595,18.39941792,-1.0226995,3.5525579,2.0947709,0.108246281,-0.23234813
Belgium,2004,102.56635,BEL,4.15,1.971497634,5.876887803,0.035089171,8.5,97.1697,19.44854065,0.3240738,4.6192352,2.0133098,-0.002960031,1.04912273
Belgium,2005,102.09891,BEL,3.43,2.019694142,5.899839763,0.02295196,8.6,95.1418,20.08911177,0.5415064,1.6899563,2.0647818,-0.151097829,0.64057112
Belgium,2006,102.03086,BEL,3.81,1.967186276,5.925042893,0.02520313,8.4,91.4942,20.4150373,1.1443321,4.3828185,1.9104018,-0.043244617,0.32592553
Belgium,2008,105.57675,BEL,4.42,2.073340921,5.965611365,0.004459103,7.1,93.1598,22.07824404,1.5226932,2.9341869,2.0398979,-0.0410319,1.66320674
Belgium,2009,106.10134,BEL,3.9,2.155499703,5.946362887,-0.019248478,8,99.853,20.29244117,-1.6860845,-1.4937529,2.2576106,-0.085593494,-1.78580287
Belgium,2010,103.35362,BEL,3.46,2.174923291,5.973105216,0.026742329,8.4,100.2449,19.69709483,-0.4006163,-0.491958,2.2411481,-0.148360054,-0.59534634
Belgium,2011,103.95965,BEL,4.23,2.249644255,5.992232677,0.019127461,7.2,102.7357,20.42073646,0.0390095,-0.852578,2.3692697,-0.014545865,0.72364163
Belgium,2012,101.57787,BEL,3,2.2948138,5.994388369,0.002155692,7.6,104.3351,20.35021855,-0.7814306,-0.7876064,2.4734047,-0.06945969,-0.07051791
Belgium,2013,103.17063,BEL,2.41,2.235941762,5.997438666,0.003050297,8.6,105.0216,19.83095985,-1.284874,0.1873212,2.3248913,-0.028489816,-0.5192587
Belgium,2014,103.43703,BEL,1.71,2.344066522,6.01494003,0.017501363,8.7,106.526,20.29549709,-0.5083893,0.1171479,2.5454226,0.441878746,0.46453724
Belgium,2015,100,BEL,0.84,2.337623998,6.029574066,0.014634037,8.7,105.5305,20.65965086,-0.2045095,0.5078236,2.4923352,0.06479303,0.36415377
Belgium,2016,102.87804,BEL,0.48,2.327807322,6.041438439,0.011864373,7.9,105.4085,21.0809418,-0.3610075,0.3425234,2.4388804,0.0783163,0.42129094
Belgium,2017,104.52203,BEL,0.72,2.348908321,6.056075472,0.014637033,7.2,102.4039,21.04945522,-0.2058423,1.6491613,2.4546963,0.2105952,-0.03148658
Belgium,2018,107.04749,BEL,0.79,2.450012351,6.074680982,0.01860551,6,99.9824,21.10919063,0.1505222,1.1293346,2.6657929,0.2572965,0.05973541
Belgium,2019,105.73364,BEL,0.19,2.462871711,6.098816277,0.024135294,5.5,97.4612,21.59530741,0.873865,-0.0398795,2.6359025,0.0196706,0.48611678
Belgium,2020,107.05426,BEL,-0.15,2.456283365,6.049699728,-0.049116548,5.8,111.1652,21.28345196,-5.4139304,-7.0667033,2.7504205,0.0852671,-0.31185545
Belgium,2021,107.64346,BEL,-0.01,2.521802356,6.109877696,0.060177967,6.3,108.4487,21.1474296,-1.2027861,-3.7001466,2.7651499,-0.1213641,-0.13602236
Belgium,2022,107.58748,BEL,1.73,2.539259196,6.151340428,0.041462732,5.6,102.6249,21.15222318,0.9732657,-2.0432314,2.6995604,-0.197049,0.00479358
Belgium,2023,107.08986,BEL,3.09,2.603605368,6.163779749,0.012439321,5.5,103.131,21.60483807,0.1971203,-2.1875649,2.8433866,-0.1017175,0.45261489
Bulgaria,2000,74.29271,BGR,NA,0.061842025,3.310667353,0.044853739,19.6,70.7171,12.84922817,-5.2982264,4.1767289,3.8819721,NA,NA
Bulgaria,2001,78.52919,BGR,NA,0.095121747,3.348194772,0.037527419,23.6,64.5051,15.40036717,-4.1042435,4.8517605,3.8655307,NA,2.551139
Bulgaria,2002,81.33913,BGR,8.26,0.023827279,3.405251987,0.057057215,21.1,51.0055,15.577405,-1.3432949,1.1497353,3.3998939,NA,0.17703783
Bulgaria,2003,83.9184,BGR,6.45,0.027234481,3.456298987,0.051047,15.9,43.3786,16.56339437,-0.2704524,2.1387683,3.2417242,NA,0.98598937
Bulgaria,2004,87.51368,BGR,5.36,0.147395706,3.519371304,0.063072316,14.1,35.728,17.51854819,0.2743027,3.6299825,3.4321733,NA,0.95515382
Bulgaria,2005,88.27559,BGR,3.87,0.284064925,3.587554449,0.068183146,11.7,26.5817,21.98973373,0.9833417,3.1654346,3.6754603,0.145255351,4.47118554
Bulgaria,2006,91.91447,BGR,4.18,0.473349531,3.653366769,0.065812319,10.5,20.8721,23.2792896,1.9821807,3.9566531,4.158487,0.22413965,1.28955587
Bulgaria,2008,104.56788,BGR,5.38,0.889117609,3.777282856,0.05949128,6.5,13.016,27.41177071,3.9925813,2.2574696,5.5678301,0.345736101,4.13248111
Bulgaria,2009,108.75464,BGR,7.22,0.735553294,3.743238801,-0.034044055,7.9,13.6633,22.84039372,-1.7347579,-3.7143282,4.9405949,-1.9829702,-4.57137699
Bulgaria,2010,105.54949,BGR,6.01,0.676758249,3.758671645,0.015432844,11.3,15.2964,17.5950901,-0.7356595,-2.9684487,4.5871413,0.083251625,-5.24530362
Bulgaria,2011,106.58662,BGR,5.36,0.400318484,3.779358811,0.020687166,12.3,15.1519,17.43121367,0.4890811,-1.0299986,3.4080185,-1.039394875,-0.16387643
Bulgaria,2012,104.39477,BGR,4.5,0.405118678,3.786819184,0.007460373,13.3,16.5794,17.72345718,0.6852766,-0.0110112,3.398964,-0.460669263,0.29224351
Bulgaria,2013,104.54474,BGR,3.47,0.590954446,3.781376958,-0.005442226,13.9,16.9954,17.0670674,-0.6670044,0.0351353,4.115452,0.09572237,-0.65638978
Bulgaria,2014,103.66143,BGR,3.35,0.845974299,3.790825778,0.009448819,12.4,27.0061,15.79987774,-1.7938115,-4.5209797,5.2609882,0.076825806,-1.26718966
Bulgaria,2015,100,BGR,2.49,1.101947055,3.824236055,0.033410278,10.1,25.9218,14.28736752,-1.2243312,-0.9401439,6.5724111,1.130174395,-1.51251022
Bulgaria,2016,99.63297,BGR,2.27,0.228236465,3.854053039,0.029816984,8.6,29.1025,15.74773189,-0.6723395,1.2001119,2.6627319,-1.4796576,1.46036437
Bulgaria,2017,100.31771,BGR,1.6,0.103613739,3.881143466,0.027090427,7.2,25.1089,16.01588898,-0.3718675,2.4317567,2.2879159,-1.3216296,0.26815709
Bulgaria,2018,104.21872,BGR,0.89,0.423627177,3.906317509,0.025174043,6.2,22.1396,15.71360364,-0.2716941,2.390108,3.0724625,-0.2750466,-0.30228534
Bulgaria,2019,104.35977,BGR,0.43,0.550114083,3.943507156,0.037189648,5.2,20.0807,15.32493206,1.0037365,2.7089443,3.3594512,-0.88364,-0.38867158
Bulgaria,2020,107.2174,BGR,0.25,0.494274048,3.910821101,-0.032686056,6.1,24.4404,15.69623259,-4.4245641,-3.2666215,3.2825602,-0.9458759,0.37130053
Bulgaria,2021,108.10463,BGR,0.19,0.36078394,3.98574763,0.074926529,5.2,23.8353,13.60963541,0.3428621,-3.4360547,2.6650054,-1.2339374,-2.08659718
Bulgaria,2022,110.40829,BGR,1.53,0.251121112,4.025341368,0.039593738,4.2,22.482,14.70816334,1.7398131,-2.4978613,2.2954973,-0.6506181,1.09852793
Bulgaria,2023,116.35546,BGR,3.75,0.780769034,4.044034423,0.018693054,4.3,22.8843,14.86598267,0.9048873,-1.5089144,3.8263262,0.7648519,0.15781933
Cyprus,2000,101.03075,CYP,7.55,-0.726332608,2.639168466,0.057941494,4.9,55.7358,16.62919799,1.3888839,1.384618,3.4544662,NA,NA
Cyprus,2001,100.33594,CYP,7.62,-0.714273862,2.677933574,0.038765109,3.9,57.3221,15.65925159,1.597482,1.4478549,3.3634379,NA,-0.9699464
Cyprus,2002,102.46916,CYP,5.7,-0.569128488,2.714485886,0.036552311,3.6,60.5193,17.1983994,1.3828795,-0.7922849,3.7492507,NA,1.53914781
Cyprus,2003,109.08087,CYP,4.74,-0.414988504,2.740381326,0.02589544,4.3,63.8374,16.02392294,0.4563168,-2.5425662,4.2622627,NA,-1.17447646
Cyprus,2004,109.87621,CYP,5.8,-0.324648599,2.789421822,0.049040496,4.7,64.7663,16.20373254,1.8199028,-0.5852874,4.4419779,0.510508234,0.1798096
Cyprus,2005,109.44078,CYP,5.16,-0.454979133,2.836811682,0.047389859,5.3,63.4368,17.80794838,3.1858703,1.0774299,3.7187186,-0.925585083,1.60421584
Cyprus,2006,109.12681,CYP,4.13,-0.438415493,2.882872425,0.046060744,4.6,59.2607,21.46695639,3.9869419,1.9343762,3.6106273,-0.176408732,3.65900801
Cyprus,2008,111.90486,CYP,4.6,-0.364691537,2.968415032,0.035818959,3.7,45.5487,23.61509011,4.9184229,3.3057086,3.5682084,0.070441674,2.14813372
Cyprus,2009,113.07342,CYP,4.6,-0.12904628,2.948056638,-0.020358395,5.4,54.2905,18.83006835,0.1882705,-3.3107636,4.6092598,0.942423492,-4.78502176
Cyprus,2010,108.49579,CYP,4.6,-0.065206865,2.970634954,0.022578317,6.3,56.285,17.58972886,0.1870876,-3.0979702,4.803421,-0.142548591,-1.24033949
Cyprus,2011,108.67327,CYP,5.79,-0.13226315,2.974793582,0.004158628,7.9,65.7561,14.5103152,-0.917877,-3.7964395,4.4732421,-0.325628217,-3.07941366
Cyprus,2012,106.45879,CYP,7,-0.435730624,2.939711506,-0.035082075,11.9,80.1139,12.04147446,-4.3243006,-11.8751273,3.4202993,-0.343035091,-2.46884074
Cyprus,2013,107.70973,CYP,6.5,-0.761073482,2.8715666,-0.068144907,15.9,103.6926,11.43492227,-9.2793853,-2.3597103,2.6446272,0.238779734,-0.60655219
Cyprus,2014,106.92504,CYP,6,-0.895274131,2.853646684,-0.017919916,16.1,108.7572,10.95001945,-9.4716817,-5.4848194,2.354314,0.206434402,-0.48490282
Cyprus,2015,100,CYP,4.54,-0.867500568,2.887264157,0.033617473,15,107.5381,10.49238888,-6.0530872,2.3617725,2.3405957,0.400073231,-0.45763057
Cyprus,2016,99.81521,CYP,3.77,-0.699051096,2.950929972,0.063665816,13,103.2486,15.43545695,-2.0043811,3.0840725,2.5991621,0.6808568,4.94306807
Cyprus,2017,100.30845,CYP,2.62,-0.582957488,3.006845295,0.055915322,11.1,93.2217,18.03436712,0.0071383,4.6055521,2.7603774,-0.0721587,2.59891017
Cyprus,2018,102.05514,CYP,2.18,0.060050092,3.067673794,0.060828499,8.4,97.8742,13.63971315,1.9909171,-1.0170678,4.940895,2.1365591,-4.39465397
Cyprus,2019,99.56506,CYP,1.07,-0.538329454,3.124768641,0.057094848,7.1,92.1612,16.11864526,3.1242661,3.2050118,2.5652914,0.4510529,2.47893211
Cyprus,2020,99.88853,CYP,0.88,-0.459953508,3.092031964,-0.032736677,7.6,113.6045,17.95161628,-4.5345957,-3.5380925,2.8667667,0.9183495,1.83297102
Cyprus,2021,99.61828,CYP,0.37,-0.399373281,3.199879329,0.107847364,7.5,96.4794,16.48258105,1.7742208,0.0510123,2.7344147,-0.1432198,-1.46903523
Cyprus,2022,96.5984,CYP,2.96,-0.463405091,3.270949355,0.071070026,6.8,80.954,17.504484,4.8811086,3.9591074,2.3888587,-0.3583591,1.02190295
Cyprus,2023,100.18364,CYP,3.91,-0.163783168,3.296733131,0.025783776,5.8,73.6308,18.10712128,3.1113331,3.3133388,3.141354,0.0773361,0.60263728
Czechia,2000,75.47267,CZE,NA,1.662765582,4.753580789,0.039324057,8.8,16.8945,26.55935545,-0.5263068,-2.7900571,4.546485,NA,NA
Czechia,2001,79.97984,CZE,6.31,1.58739474,4.782336082,0.028755293,8.2,22.5969,26.903165,0.2208508,-4.8387582,4.0968925,NA,0.34380955
Czechia,2002,88.61213,CZE,4.88,1.584170088,4.797356926,0.015020845,7.3,25.7032,25.61163182,-0.5783135,-5.2551964,4.0228274,NA,-1.29153318
Czechia,2003,86.60632,CZE,4.12,2.253427977,4.829831655,0.032474729,7.8,28.0616,21.64688943,-0.3632952,-5.8383162,7.6046953,4.109809408,-3.96474239
Czechia,2004,87.10802,CZE,4.82,1.875441673,4.876107473,0.046275818,8.3,28.2887,23.60508146,0.6485137,-1.3326416,4.9753917,-0.061701776,1.95819203
Czechia,2005,91.40523,CZE,3.54,1.975299041,4.937908738,0.061801265,7.9,27.6778,23.35646647,2.7684447,-1.9876278,5.1683856,-1.666012517,-0.24861499
Czechia,2006,95.41841,CZE,3.8,2.025287761,5.002039552,0.064130813,7.2,27.5648,23.05525985,5.128319,-1.1576227,5.0958119,-0.564371551,-0.30120662
Czechia,2008,112.63863,CZE,4.63,2.094920128,5.081261362,0.025786927,4.4,28.1549,23.85849623,5.2268028,-1.0078354,5.047177,-0.309623554,0.80323638
Czechia,2009,108.49024,CZE,4.84,2.204857482,5.032088898,-0.049172464,6.7,33.4305,21.26650211,-1.9966243,-4.2317016,5.9176455,-0.303929189,-2.59199412
Czechia,2010,109.79854,CZE,3.88,2.06156028,5.058873681,0.026784784,7.3,36.7001,21.52985468,-1.1608784,-2.8537161,4.9921001,-1.203452063,0.26335257
Czechia,2011,112.05596,CZE,3.71,1.94211019,5.076442048,0.017568366,6.7,39.402,21.7454642,-0.8004024,-1.4171177,4.3528827,-0.669780903,0.21560952
Czechia,2012,108.88456,CZE,2.78,1.872911117,5.068705518,-0.00773653,7,43.8353,21.28171276,-2.5755866,-2.5132904,4.0933997,-0.272075319,-0.46375144
Czechia,2013,106.43011,CZE,2.11,1.763532296,5.068287569,-0.000417949,7,44.1411,21.10454298,-3.6526905,0.0211561,3.6708226,-0.419587282,-0.17716978
Czechia,2014,100.89382,CZE,1.58,1.891176294,5.090490906,0.022203337,6.1,41.5462,20.66181192,-2.9929238,-0.8112397,4.0790171,0.516805643,-0.44273106
Czechia,2015,100,CZE,0.58,2.158618875,5.138888364,0.048397458,5.1,39.4695,20.59854767,-0.4691842,0.3876553,5.0779126,-0.136999943,-0.06326425
Czechia,2016,102.49378,CZE,0.43,1.726471267,5.164369786,0.025481422,4,36.2322,21.09612937,-0.1198512,1.5891291,3.2132157,-0.4656361,0.4975817
Czechia,2017,106.47817,CZE,0.98,1.803397177,5.214811241,0.050441454,2.9,33.7818,20.42796011,2.3683897,2.1851223,3.2994526,-0.1401451,-0.66816926
Czechia,2018,111.08457,CZE,1.98,2.047835392,5.24272157,0.027910329,2.2,31.6778,20.74853844,2.5895618,1.6054354,4.0971202,0.2914829,0.32057833
Czechia,2019,111.45816,CZE,1.55,2.128955705,5.277758029,0.035036459,2,29.5517,21.48170073,3.4541293,0.9639712,4.2903485,-0.0412222,0.73316229
Czechia,2020,112.33862,CZE,1.13,2.176036317,5.223250632,-0.054507397,2.6,36.8829,20.78625119,-3.7895339,-4.9060467,4.749106,-0.0843042,-0.69544954
Czechia,2021,116.62989,CZE,1.9,2.173390399,5.262750303,0.039499671,2.8,40.692,21.68384369,-0.6602186,-4.2290324,4.5531096,-0.2554004,0.8975925
Czechia,2022,126.78173,CZE,4.33,2.196841649,5.29082403,0.028073727,2.2,42.5204,23.15565665,0.712821,-1.9573405,4.5321107,-0.135702,1.47181296
Czechia,2023,139.58808,CZE,4.44,2.264633657,5.289970263,-0.000853767,2.6,42.449,22.44660398,-1.4528053,-2.4936743,4.8541476,-0.0527372,-0.70905267
Germany,2000,104.10741,DEU,5.26,4.213997209,7.863207441,0.028366304,7.4,58.7667,20.28178207,1.7449092,1.457087,2.6011664,0.096835778,NA
Germany,2001,103.81506,DEU,4.8,4.203426845,7.879440384,0.016232942,7.5,57.5837,19.01099051,1.8306093,-0.1093586,2.5323726,0.010039593,-1.27079156
Germany,2002,104.64076,DEU,4.78,4.235312741,7.87715467,-0.002285714,8.2,59.2652,17.26629965,0.2376146,-1.1116059,2.6204034,0.075447486,-1.74469086
Germany,2003,109.97168,DEU,4.07,4.188724358,7.871841288,-0.005313382,9.3,62.7092,16.74943436,-1.504409,-0.9254243,2.5144479,0.072429338,-0.51686529
Germany,2004,111.35384,DEU,4.04,4.084857486,7.883397936,0.011556649,10.2,64.3331,16.59111921,-1.5443791,-0.637974,2.2403447,0.112439353,-0.15831515
Germany,2005,109.29918,DEU,3.35,4.078983352,7.892215916,0.008817979,10.5,66.4601,16.55675041,-1.8879402,-0.6407506,2.2076699,0.090764754,-0.0343688
Germany,2006,108.24684,DEU,3.76,4.1623621,7.930048514,0.037832599,9.6,65.754,17.15186013,0.4664857,0.9329069,2.3105458,0.11369571,0.59510972
Germany,2008,110.25002,DEU,3.98,4.225462284,7.967602664,0.009062837,7,64.5862,17.58962497,1.5102716,2.4052006,2.3703315,0.051581981,0.43776484
Germany,2009,111.44422,DEU,3.22,4.273600408,7.910554269,-0.057048395,7.3,71.7157,16.19815862,-4.9091188,-0.561873,2.6332434,0.031924308,-1.39146635
Germany,2010,105.56023,DEU,2.74,4.308506714,7.951185212,0.040630943,6.6,80.3755,16.56208191,-1.4892309,-1.9788919,2.6182121,-0.014018248,0.36392329
Germany,2011,104.87719,DEU,2.61,4.325483739,7.988075992,0.03689078,5.5,77.8492,17.43497549,1.3235005,1.6342469,2.5665894,-0.014882039,0.87289358
Germany,2012,101.415,DEU,1.5,4.289939885,7.992807694,0.004731702,5.1,79.1573,17.49319735,0.2058513,2.2376963,2.4652726,0.032008778,0.05822186
Germany,2013,103.67471,DEU,1.57,4.281535487,7.996662499,0.003854805,5,76.7947,17.13644988,-0.9399242,1.932633,2.4352348,0.019472296,-0.35674747
Germany,2014,104.55438,DEU,1.16,4.26702141,8.018125502,0.021463003,4.7,73.823,17.42875615,-0.3802145,2.3241222,2.3491794,0.029942976,0.29230627
Germany,2015,100,DEU,0.5,4.299188356,8.034517611,0.016392109,4.4,70.5599,17.37005169,-0.4259959,2.3058999,2.3865312,0.246974671,-0.05870446
Germany,2016,101.61795,DEU,0.09,4.345300839,8.057205393,0.022687782,3.9,67.6307,17.5951078,0.3020833,2.3192256,2.4430949,0.2814906,0.22505611
Germany,2017,102.74889,DEU,0.32,4.389769016,8.084003344,0.026797951,3.6,63.9524,17.6593688,1.6480211,2.373383,2.4866486,0.3280133,0.064261
Germany,2018,105.39763,DEU,0.4,4.464022943,8.095105913,0.011102569,3.2,60.7285,18.18637009,1.3952513,2.811173,2.6487484,0.296164,0.52700129
Germany,2019,103.76931,DEU,-0.25,4.495061512,8.104936369,0.009830456,3,58.5561,18.46113588,1.3324326,2.1217693,2.7055232,0.2065207,0.27476579
Germany,2020,105.2319,DEU,-0.51,4.566988899,8.063122866,-0.041813503,3.7,68.0352,18.31804663,-3.4492782,-3.7320632,3.0314353,0.1912455,-0.14308925
Germany,2021,105.9808,DEU,-0.37,4.554030376,8.099165458,0.036042592,3.7,68.0768,18.30796473,-0.4957832,-2.5759018,2.8864723,0.2701897,-0.0100819
Germany,2022,103.32725,DEU,1.14,4.545648936,8.112769808,0.01360435,3.2,64.9973,18.88306334,0.1818931,-1.441734,2.8237035,0.0824572,0.57509861
Germany,2023,107.22105,DEU,2.43,4.545461082,8.110101868,-0.00266794,3.1,62.8777,18.66896824,-0.8700948,-1.6952372,2.8307152,0.2105878,-0.2140951
Denmark,2000,97.95294,DNK,5.64,1.884526265,5.469291559,0.036563303,4.6,52.391,18.6852666,3.2362135,5.6205112,2.77432,0.010411995,NA
Denmark,2001,99.05685,DNK,5.08,1.973104045,5.478746969,0.00945541,4.6,48.4818,18.26104783,2.2121565,4.3816242,3.0027476,0.078804812,-0.42421877
Denmark,2002,100.99044,DNK,5.06,1.884444912,5.483302108,0.004555139,4.6,49.039,17.85161492,1.0680453,3.2388006,2.7354989,0.08979716,-0.40943291
Denmark,2003,106.14796,DNK,4.31,1.846952793,5.487703291,0.004401183,5.4,46.0814,18.07437853,0.1881866,2.787837,2.6232661,-0.037141772,0.22276361
Denmark,2004,106.50641,DNK,4.3,1.946611585,5.515088472,0.02738518,5.5,44.0485,17.83805694,1.6657961,4.6128494,2.8198798,0.153887163,-0.23632159
Denmark,2005,105.05369,DNK,3.4,1.929743933,5.538410287,0.023321815,4.8,37.3159,18.46358032,2.6226008,7.0834236,2.708797,-0.125615954,0.62552338
Denmark,2006,104.35555,DNK,3.81,2.041851537,5.575864925,0.037454638,3.9,31.4936,20.35601135,4.6611099,6.9447643,2.9187521,0.153066421,1.89243103
Denmark,2008,107.33298,DNK,4.28,2.064291383,5.581507796,-0.004180293,3.7,33.1613,19.97119318,1.8430242,4.8721326,2.9681926,0.107117112,-0.38481817
Denmark,2009,110.16451,DNK,3.59,2.057267296,5.53048316,-0.051024636,6.4,40.0102,17.00071641,-4.1345677,-0.9493914,3.1017115,-0.153025173,-2.97047677
Denmark,2010,105.33601,DNK,2.93,2.125103698,5.546188187,0.015705027,7.7,42.5416,14.72621093,-3.355366,-0.7547593,3.2677002,-0.155967887,-2.27450548
Denmark,2011,104.65435,DNK,2.73,2.145804681,5.559210743,0.013022556,7.8,46.0291,14.85464931,-2.81776,0.0437645,3.2928848,-0.164506565,0.12843838
Denmark,2012,101.61464,DNK,1.4,2.285274129,5.559156431,-5.43E-05,7.8,44.9432,15.01273293,-3.5620174,-1.5625974,3.7859138,0.239700566,0.15808362
Denmark,2013,102.67192,DNK,1.75,2.259840591,5.572987083,0.013830652,7.4,43.9118,15.16639695,-3.0609577,0.614139,3.6401442,0.001519129,0.15366402
Denmark,2014,103.50228,DNK,1.32,2.324039592,5.585686311,0.012699228,6.9,44.2905,15.50173189,-2.9231747,2.7811482,3.8325247,0.245487949,0.33533494
Denmark,2015,100,DNK,0.69,2.285766449,5.606512108,0.020825797,6.3,39.8942,16.19031996,-2.387912,0.3645443,3.6125892,-0.134784983,0.68858807
Denmark,2016,101.00403,DNK,0.32,2.352311635,5.636779563,0.030267455,6,37.3043,17.23883365,-1.3114613,1.3629657,3.74605,0.0967078,1.04851369
Denmark,2017,101.55697,DNK,0.48,2.273137566,5.66688672,0.030107157,5.8,35.9486,17.87212604,-0.3258634,2.4522862,3.3582552,-0.2492886,0.63329239
Denmark,2018,102.67836,DNK,0.45,2.305147344,5.685315879,0.018429159,5.1,34.148,18.35877584,-0.5647176,1.6144559,3.4041704,-0.0642083,0.4866498
Denmark,2019,100.82326,DNK,-0.18,2.268286777,5.702285195,0.016969316,5,33.7917,18.12763796,-0.8150609,5.0222329,3.2257691,-0.2256667,-0.23113788
Denmark,2020,102.45559,DNK,-0.36,2.349449299,5.684323608,-0.017961587,5.6,46.2784,18.62252285,-4.5188596,0.8807733,3.5619051,0.0962499,0.49488489
Denmark,2021,101.53684,DNK,-0.06,2.305736081,5.755546792,0.071223184,5.1,40.4872,19.34960188,0.0260708,4.5912008,3.1751651,-0.381425,0.72707903
Denmark,2022,99.62998,DNK,1.48,2.279857046,5.770831035,0.015284243,4.5,34.0768,19.76721576,-1.0843029,4.1559959,3.0471186,-0.3365706,0.41761388
Denmark,2023,101.427,DNK,2.64,2.334394264,5.795476642,0.024645607,5.1,33.5886,19.43147724,-1.0539709,3.9674237,3.1395758,-0.290646,-0.33573852
Spain,2000,92.01979,ESP,5.53,3.483376467,6.781552497,0.050699208,13.9,57.8405,22.27762601,3.3400451,2.0021033,3.6950503,-0.12532409,NA
Spain,2001,93.0814,ESP,5.12,3.546049244,6.819994913,0.038442416,10.6,54.0522,22.11501973,3.9427531,2.5145586,3.7856762,0.013824315,-0.16260628
Spain,2002,95.74135,ESP,4.96,3.644745231,6.847176682,0.027181769,11.5,51.2368,22.11101389,3.6239853,2.3149235,4.0663213,0.405902708,-0.00400584
Spain,2003,101.02394,ESP,4.12,3.692691821,6.876145894,0.028969212,11.5,47.6869,22.97968189,3.017481,1.9247947,4.1442263,0.060280973,0.868668
Spain,2004,102.97795,ESP,4.1,3.687987873,6.906816028,0.030670133,11,45.3327,23.82510967,2.7730897,1.8792897,4.0001907,-0.26863119,0.84542778
Spain,2005,103.06589,ESP,3.39,3.775540734,6.941712269,0.034896241,9.2,42.3952,24.81193205,2.7702955,2.9761174,4.2164715,0.107370623,0.98682238
Spain,2006,104.06552,ESP,3.78,3.848995746,6.981350542,0.039638273,8.5,39.019,25.68399643,3.3118734,3.7304373,4.3614972,0.168189616,0.87206438
Spain,2008,108.40735,ESP,4.37,3.95510394,7.023717965,0.007642379,11.3,39.6088,23.20807025,0.8872344,-2.9834633,4.6485538,0.137216388,-2.47592618
Spain,2009,108.92584,ESP,3.98,4.020834774,6.985308339,-0.038409626,17.9,53.0792,18.00342967,-4.0866124,-9.526743,5.158762,-0.194538093,-5.20464058
Spain,2010,105.49991,ESP,4.25,3.935201203,6.986249117,0.000940778,19.9,60.2661,17.14328155,-5.2229399,-7.5900645,4.7309322,-0.126901483,-0.86014812
Spain,2011,105.73022,ESP,5.44,3.694544927,6.979829352,-0.006419765,21.4,69.5284,16.40400865,-6.4751627,-7.2062993,3.7429938,0.236698461,-0.7392729
Spain,2012,103.17799,ESP,5.85,3.490418731,6.950759757,-0.029069595,24.8,89.5604,15.56868772,-8.9336582,-8.4695028,3.1419045,-0.113457419,-0.83532093
Spain,2013,105.16591,ESP,4.56,3.208117377,6.936383697,-0.01437606,26.1,100.0003,15.19491991,-9.8096517,-3.924528,2.4034468,0.102071147,-0.37376781
Spain,2014,104.71488,ESP,2.72,3.100136146,6.95147412,0.015090423,24.5,104.4176,15.90482305,-8.3746482,-2.5034915,2.1251284,-0.021821414,0.70990314
Spain,2015,100,ESP,1.73,3.332275936,6.991279918,0.039805798,22.1,102.4422,15.72312696,-4.8337901,-2.1966458,2.5758156,0.314613467,-0.18169609
Spain,2016,100.71376,ESP,1.39,3.096332325,7.020014652,0.028734734,19.6,101.9665,16.21490213,-2.3585336,-1.4403807,1.9768168,-0.1729646,0.49177517
Spain,2017,102.20392,ESP,1.56,3.124395642,7.048563648,0.028548996,17.2,101.1443,16.93033647,-0.1058106,-0.5375958,1.9758569,-0.1209523,0.71543434
Spain,2018,104.25381,ESP,1.42,3.225798665,7.072235361,0.023671713,15.3,99.7183,17.53833285,1.5524918,-0.1113608,2.1355698,-0.1042875,0.60799638
Spain,2019,102.50509,ESP,0.66,3.261232414,7.091657311,0.019421951,14.1,97.5788,18.13497539,2.5471808,-0.8128674,2.1700393,0.0579662,0.59664254
Spain,2020,103.1821,ESP,0.38,3.33746454,6.97579663,-0.115860681,15.5,119.2791,17.98631615,-8.9579906,-7.6841059,2.6296167,0.0446025,-0.14865924
Spain,2021,103.75455,ESP,0.35,3.435537813,7.04048962,0.06469299,14.9,115.6968,17.48065924,-3.7509556,-4.5329971,2.7188755,0.0640019,-0.50565691
Spain,2022,101.80474,ESP,2.18,3.49557021,7.10044872,0.059959099,13,109.4986,17.69269577,0.3712634,-2.2808196,2.7190748,-0.0743372,0.21203653
Spain,2023,102.36709,ESP,3.48,3.606209836,7.12685366,0.02640494,12.2,105.1424,16.75185073,0.7354923,-1.1320649,2.9580384,0.2346129,-0.94084504
Estonia,2000,76.7985,EST,10.48,-0.596752524,2.533657131,0.096106799,14.6,5.1137,22.31724469,-0.1064275,0.2171222,4.3699892,NA,NA
Estonia,2001,78.96366,EST,10.15,-0.473103767,2.590800024,0.057142893,13,4.7751,22.77990066,0.1645699,0.5070093,4.6705012,NA,0.46265597
Estonia,2002,80.66393,EST,8.42,-0.171014274,2.657832818,0.067032794,11.2,5.6602,24.64465818,0.9895713,0.7054439,5.9080929,NA,1.86475752
Estonia,2003,83.30043,EST,5.25,-0.223988821,2.731048371,0.073215553,10.3,5.5987,27.54327056,1.9751286,2.0384808,5.2076724,NA,2.89861238
Estonia,2004,84.6049,EST,4.39,-0.329057109,2.796842824,0.065794453,10.1,5.1117,27.32478358,2.304844,2.6340492,4.3897411,0.07885212,-0.21848698
Estonia,2005,85.27835,EST,4.17,-0.183842349,2.887807919,0.090965095,8,4.6988,28.22199932,5.1021293,1.3512037,4.6344611,0.799450005,0.89721574
Estonia,2006,86.20554,EST,5.01,0.066756746,2.980957157,0.093149238,5.9,4.6282,31.36953658,8.3993336,3.0152176,5.4247389,1.329689095,3.14753726
Estonia,2008,95.99429,EST,8.16,0.214694125,3.00132411,-0.052613391,5.5,4.5093,24.96618312,2.455636,-2.4327694,6.1628553,-0.240840035,-6.40335346
Estonia,2009,97.9742,EST,7.78,0.048252243,2.843146202,-0.158177908,13.5,7.2393,16.5650336,-11.5306101,-2.5395293,6.1121355,-1.173489124,-8.40114952
Estonia,2010,94.27922,EST,5.9,-0.160069048,2.867348183,0.024201981,16.6,6.6607,16.38921242,-8.5618505,-0.3256054,4.8440588,-0.991313454,-0.17582118
Estonia,2011,95.27589,EST,NA,-0.039297183,2.94066344,0.073315257,12.3,6.1367,21.27613061,-2.2516253,0.7227393,5.0794834,0.126104158,4.88691819
Estonia,2012,94.44415,EST,NA,0.221666377,2.97672579,0.03606235,9.9,9.7448,22.07987589,-0.1406105,-0.2770013,6.3605241,-0.049919127,0.80374528
Estonia,2013,97.21256,EST,NA,0.100168005,2.994138003,0.017412213,8.6,10.0933,21.99717897,-0.2902072,-0.1335892,5.5356013,-0.289643786,-0.08269692
Estonia,2014,99.83341,EST,NA,0.038939701,3.02682582,0.032687817,7.3,10.4583,20.30337462,0.5189284,0.9378569,5.0393851,-0.03792235,-1.69380435
Estonia,2015,100,EST,NA,0.095764622,3.045040399,0.018214579,6.4,9.8873,18.81396686,-0.0647413,0.3155508,5.2377625,-0.350797127,-1.48940776
Estonia,2016,101.4977,EST,NA,-0.010189633,3.075502329,0.03046193,6.8,9.7981,19.37504056,0.5269849,-0.0419127,4.5698401,0.2610481,0.5610737
Estonia,2017,103.07228,EST,NA,0.250773059,3.130318672,0.054816342,5.8,8.9406,19.78790202,2.841745,-0.484041,5.6160276,0.0582242,0.41286146
Estonia,2018,107.66118,EST,NA,0.211153709,3.166647778,0.036329106,5.4,8.0466,21.37075254,2.688861,-0.5367179,5.2052936,-0.3637944,1.58285052
Estonia,2019,107.46461,EST,NA,0.240663556,3.203236567,0.03658879,4.5,8.3359,21.44677976,2.6041567,-0.0716492,5.1685758,-0.2044036,0.07602722
Estonia,2020,108.14504,EST,-0.03,0.330467743,3.173974271,-0.029262296,6.9,19.0956,25.35323047,-3.2779489,-5.3533313,5.8221157,0.2873227,3.90645071
Estonia,2021,109.71916,EST,0.06,0.392819938,3.243075438,0.069101168,6.2,18.4186,22.93061726,1.0834197,-2.5057032,5.7829544,-0.1226081,-2.42261321
Estonia,2022,116.86049,EST,2.29,0.322765917,3.243679651,0.000604212,5.6,19.1121,20.39609459,0.2720115,-0.9637019,5.3884436,0.0308922,-2.53452267
Estonia,2023,125.16984,EST,3.9,0.497223108,3.212982896,-0.030696755,6.4,20.1837,21.31163425,-3.5770776,-2.4892782,6.6154676,1.4298682,0.91553966
Finland,2000,99.80318,FIN,5.48,1.829379867,5.174379806,0.055942978,9.9,45.1395,19.54086197,3.1653847,9.6006922,3.5260217,-0.424409504,NA
Finland,2001,100.5523,FIN,5.04,1.819890447,5.200439894,0.026060088,9.2,43.4435,19.47473602,1.6344271,7.5332093,3.4028753,-0.057587931,-0.06612595
Finland,2002,102.28221,FIN,4.98,1.919373207,5.217172385,0.016732491,9.2,42.6428,17.91228779,-0.1488849,6.1135812,3.696443,0.149457674,-1.56244823
Finland,2003,107.68839,FIN,4.13,1.984436949,5.237090688,0.019918303,9.1,45.156,17.92122019,-1.2827873,4.2566935,3.8671448,0.129273202,0.0089324
Finland,2004,107.17692,FIN,4.11,2.034444602,5.276363127,0.039272439,8.9,44.938,18.35127661,-0.2369489,3.9069932,3.908883,0.03069687,0.43005642
Finland,2005,103.80238,FIN,3.35,1.978005877,5.303757541,0.027394415,8.5,42.1441,19.32639403,-0.0717414,4.2704626,3.594549,-0.450532584,0.97511742
Finland,2006,101.62174,FIN,3.78,1.944563155,5.343166442,0.039408901,7.8,40.2242,19.42659131,1.5622571,5.4812826,3.3419915,-0.253839562,0.10019728
Finland,2008,103.40114,FIN,4.29,2.074481121,5.402744947,0.007813705,6.5,34.715,20.90984438,3.8456858,5.5762331,3.5855302,-0.065219537,1.48325307
Finland,2009,106.68825,FIN,3.74,2.079175576,5.318536574,-0.084208373,8.3,44.1302,19.03760971,-4.7224867,-1.1533276,3.9188929,-0.017947235,-1.87223467
Finland,2010,100.56978,FIN,3.01,2.041849464,5.349727904,0.03119133,8.6,50.1129,19.16161299,-2.0362266,-1.173019,3.6593727,-0.286371884,0.12400328
Finland,2011,100.47368,FIN,3.01,2.100129277,5.373350625,0.023622721,8,52.0245,19.12018416,0.0169321,0.4695049,3.7884192,-0.222733234,-0.04142883
Finland,2012,97.82354,FIN,1.89,2.149416614,5.358005079,-0.015345546,7.9,57.8562,19.27357295,-1.6049132,-0.6338021,4.0413618,0.055214981,0.15338879
Finland,2013,100.69586,FIN,1.86,2.172574259,5.348159358,-0.00984572,8.3,60.7999,18.15456739,-2.5931888,-1.1754473,4.1769658,0.212970782,-1.11900556
Finland,2014,103.1884,FIN,1.45,2.175717884,5.343367211,-0.004792147,8.7,64.783,17.50649729,-3.1705928,-1.6909961,4.2102451,0.014592284,-0.6480701
Finland,2015,100,FIN,0.72,2.067874905,5.348021399,0.004654188,9.4,68.7196,17.65766537,-3.0257074,-1.2065159,3.7622745,-0.164040704,0.15116808
Finland,2016,101.22107,FIN,0.37,2.198559884,5.373415563,0.025394164,8.9,68.5913,18.87241154,-1.4071866,-0.5511851,4.1800136,0.2465278,1.21474617
Finland,2017,100.77609,FIN,0.55,2.211846562,5.405915377,0.032499815,8.7,66.5122,19.58870702,0.7734223,0.4129841,4.1004691,0.1950991,0.71629548
Finland,2018,102.96996,FIN,0.66,2.272230222,5.417774556,0.011859178,7.5,65.2785,20.28891141,0.7205048,0.1052155,4.3043488,0.2795842,0.70020439
Finland,2019,101.39664,FIN,0.07,2.309349469,5.431181662,0.013407107,6.8,65.2416,20.01316462,0.9330596,-0.0817548,4.4076338,0.22838,-0.27574679
Finland,2020,103.08374,FIN,-0.22,2.383788593,5.405955786,-0.025225876,7.7,75.3629,19.78662109,-2.3274754,-4.8640577,4.8695571,0.0514123,-0.22654353
Finland,2021,102.28487,FIN,-0.09,2.268091943,5.432935669,0.026979883,7.7,73.2473,20.18740654,-0.39799,-2.1437989,4.2220739,-0.6824953,0.40078545
Finland,2022,98.27068,FIN,1.69,2.262536848,5.447332022,0.014396354,6.8,74.0339,20.79293863,-0.2637451,0.3889164,4.1386722,-0.1985006,0.60553209
Finland,2023,101.25822,FIN,3.04,2.229129262,5.435624124,-0.011707899,7.2,77.1499,19.10727353,-2.4758909,-1.8256988,4.0498317,-0.0952914,-1.6856651
France,2000,101.7179,FRA,5.39,4.358797016,7.509827544,0.040575362,8.6,59.7214,16.60064322,2.1093777,1.6466519,4.2807981,0.103478341,NA
France,2001,101.79653,FRA,4.94,4.357830434,7.528644337,0.018816793,7.8,59.3223,16.66334438,1.9978645,1.6352053,4.1969428,-0.033684281,0.06270116
France,2002,103.42315,FRA,4.86,4.344718025,7.539264917,0.01062058,7.9,61.256,16.23782732,1.2135969,-0.1474596,4.0985081,-0.364726184,-0.42551706
France,2003,109.30618,FRA,4.13,4.393744758,7.54889703,0.009632112,8.5,65.3639,16.23575722,0.3270373,-1.2117823,4.2631914,-0.058944503,-0.0020701
France,2004,111.12032,FRA,4.1,4.439948205,7.577175947,0.028278917,8.9,66.8794,16.49698015,1.2296095,-0.7540323,4.3402963,-0.194882609,0.26122293
France,2005,109.43321,FRA,3.41,4.483286014,7.59588548,0.018709533,8.9,68.186,16.8067442,1.1740466,-0.7920501,4.4485175,0.064917484,0.30976405
France,2006,108.67571,FRA,3.8,4.494810922,7.622664285,0.026778805,8.8,65.4008,17.51661005,1.9930243,-0.054306,4.3811749,-0.132147647,0.70986585
France,2008,111.07596,FRA,4.23,4.537534908,7.651448789,0.003794811,7.4,69.8192,18.49033668,1.4184814,-0.629186,4.442674,-0.005925862,0.97372663
France,2009,111.56476,FRA,3.65,4.591714451,7.622796437,-0.028652352,9.1,84.0556,16.62318683,-2.6267278,-4.832651,4.8263385,-0.110932474,-1.86714985
France,2010,106.93937,FRA,3.12,4.60548218,7.642602302,0.019805865,9.3,86.2779,16.68488409,-1.8485641,-4.6116802,4.7972844,-0.176625384,0.06169726
France,2011,106.22387,FRA,3.32,4.563946488,7.666685578,0.024083276,9.2,88.7493,17.20669925,-0.6187788,-2.5890465,4.4925969,0.050454956,0.52181516
France,2012,102.82234,FRA,2.54,4.57938265,7.668522578,0.001837,9.8,91.742,17.1018112,-1.4692907,-2.5401876,4.5541113,0.072891627,-0.10488805
France,2013,104.51594,FRA,2.2,4.591632721,7.676309651,0.007787073,10.3,94.5458,16.69508176,-1.7173802,-2.607388,4.5744812,-0.037016387,-0.40672944
France,2014,104.91551,FRA,1.67,4.530600851,7.686238429,0.009928778,10.3,96.1391,16.6972647,-1.6350043,-2.3767198,4.2611222,0.234997976,0.00218294
France,2015,100,FRA,0.84,4.46323328,7.696849709,0.01061128,10.3,96.9414,16.61839591,-1.3226766,-1.8612506,3.9414707,0.408556552,-0.07886879
France,2016,101.34232,FRA,0.47,4.46675722,7.705412978,0.008563269,10.1,98.1265,16.99960436,-1.2094889,-1.8637038,3.9216573,0.4465051,0.38120845
France,2017,101.95928,FRA,0.81,4.468126232,7.726035327,0.020622349,9.4,98.7242,17.57355409,0.0508188,-1.5725403,3.8468757,0.5395418,0.57394973
France,2018,104.56798,FRA,0.78,4.501676134,7.7423603,0.016324973,9,98.4891,17.96167724,0.8005829,-0.5500469,3.9137113,0.4855561,0.38812315
France,2019,103.03948,FRA,0.13,4.581684035,7.76243197,0.020071669,8.4,98.1057,18.26063736,1.8720592,-0.8781038,4.1554567,0.6403655,0.29896012
France,2020,104.60034,FRA,-0.15,4.503637441,7.685111721,-0.077320249,8,114.8312,18.28379365,-6.5090794,-7.6505256,4.1524391,0.2951439,0.02315629
France,2021,104.09363,FRA,0.01,4.550920897,7.751670087,0.066558366,7.9,112.7038,19.41006387,-1.2306227,-5.1971331,4.0731677,0.0459114,1.12627022
France,2022,99.23108,FRA,1.7,4.595941921,7.777053707,0.02538362,7.3,111.2294,19.49648551,0.2031463,-2.8191426,4.1539446,0.4120133,0.08642164
France,2023,102.73292,FRA,2.99,4.635250892,7.786375143,0.009321436,7.3,109.8822,18.81268612,-0.0690286,-3.615675,4.2803977,0.395594,-0.68379939
Greece,2000,97.49666,GRC,6.1,2.218148865,5.166695888,0.040544959,11.6,108.8541,20.69577552,-0.3185781,2.8936297,5.2415825,-0.490838539,NA
Greece,2001,97.6194,GRC,5.3,2.420950611,5.212150988,0.0454551,11,110.5347,19.46345159,-0.2735615,0.8457751,6.1347521,-0.678215106,-1.23232393
Greece,2002,100.08529,GRC,5.12,2.270445281,5.257919232,0.045768244,10.6,107.8713,18.8343844,-0.191179,-0.4682123,5.0414639,-0.206676741,-0.62906719
Greece,2003,106.12598,GRC,4.27,2.51890685,5.314269248,0.056350016,10,104.2586,18.76873679,0.2781538,-3.0144286,6.1092727,-0.384311048,-0.06564761
Greece,2004,107.54556,GRC,4.26,2.52557184,5.366651721,0.052382473,10.8,105.4931,19.20866128,1.042567,-4.1459949,5.8362607,-0.510321466,0.43992449
Greece,2005,106.32181,GRC,3.59,2.282581485,5.378417376,0.011765655,10.2,109.859,16.83316613,-0.8834954,-1.5279295,4.5237188,-0.233817209,-2.37549515
Greece,2006,106.32479,GRC,4.07,2.597776458,5.440860621,0.062443246,9.2,105.3342,18.23200679,2.1072206,-1.5543712,5.8245757,-0.048498343,1.39884066
Greece,2008,108.80627,GRC,4.8,2.603977178,5.475902851,0.000574458,8,110.9073,17.62171006,1.63507,-5.4336307,5.6589848,0.697849451,-0.61029673
Greece,2009,111.46983,GRC,5.17,2.584189323,5.433837588,-0.042065264,9.8,128.4818,14.65197979,-2.6221865,-10.3144123,5.7864668,0.134016488,-2.96973027
Greece,2010,110.15894,GRC,9.09,2.085262227,5.375215025,-0.058622563,12.9,147.8462,13.09449641,-7.2151118,-5.3155212,3.725561,-0.574452344,-1.55748338
Greece,2011,110.80299,GRC,15.75,1.582760897,5.271222696,-0.103992328,18.1,175.0756,11.36455093,-14.1149032,-2.833272,2.5010445,-0.897570793,-1.72994548
Greece,2012,105.87669,GRC,22.5,1.53284162,5.184235477,-0.08698722,24.8,164.1132,9.684038447,-18.6042413,-3.8918949,2.5954932,-0.024501971,-1.680512483
Greece,2013,105.32955,GRC,10.05,1.806759455,5.161252023,-0.022983454,27.8,179.9399,8.043521589,-18.225255,-9.4327282,3.4927089,-0.10546271,-1.640516858
Greece,2014,104.68033,GRC,6.93,1.880916973,5.169142812,0.007890789,26.6,181.5333,7.501786203,-15.9022238,0.2430826,3.7319994,0.463511938,-0.541735386
Greece,2015,100,GRC,9.67,1.918685763,5.166857541,-0.002285271,25,177.7622,7.276579026,-14.890034,-2.3237529,3.8845165,-0.08645154,-0.225207177
Greece,2016,101.16326,GRC,8.36,1.83541097,5.166539522,-0.000318019,23.9,180.5763,7.793195917,-13.5136756,3.4279521,3.5752738,-0.5019141,0.516616891
Greece,2017,101.77157,GRC,5.98,2.086435604,5.181163415,0.014623893,21.8,178.9851,7.520545049,-11.4367801,3.8612355,4.5287348,1.029625,-0.272650868
Greece,2018,103.85839,GRC,4.19,1.764464601,5.201599894,0.020436479,19.7,185.3222,8.115379781,-8.65869,4.2665182,3.215668,-0.2926912,0.594834732
Greece,2019,101.69169,GRC,2.59,1.523387937,5.224116043,0.02251615,17.9,178.8216,8.499912518,-6.1287379,3.7952015,2.470553,-1.041694,0.384532737
Greece,2020,102.05106,GRC,1.27,1.644647104,5.127646535,-0.096469508,17.6,209.3816,9.228355104,-13.988713,-6.6055867,3.0715053,-0.1509074,0.728442586
Greece,2021,100.51031,GRC,0.88,1.879665614,5.210649682,0.083003147,14.7,197.2862,10.21575558,-5.9684096,-4.4735202,3.5757822,0.456386,0.987400476
Greece,2022,99.22204,GRC,3.49,1.968149736,5.266497278,0.055847596,12.5,177.0498,11.24033096,-0.8805339,0.0317531,3.6944201,-1.2206869,1.02457538
Greece,2023,100.84972,GRC,4,2.039913508,5.289550695,0.023053418,11.1,163.9005,11.28662517,0.7359574,2.0684112,3.8788261,-0.0887527,0.04629421
Croatia,2000,94.32178,HRV,NA,0.645634089,3.566439593,0.029026886,15.6,35.4345,14.52223287,NA,-6.6621129,5.3890259,NA,NA
Croatia,2001,97.36772,HRV,NA,0.506959275,3.597077901,0.030638308,16,36.5879,15.86021298,-3.0860439,-2.305501,4.5496566,NA,1.33798011
Croatia,2002,99.19305,HRV,NA,0.601084107,3.653489756,0.056411855,15,36.4539,17.40275256,-0.7313144,-2.9504801,4.7245141,NA,1.54253958
Croatia,2003,100.17357,HRV,NA,0.945540776,3.70767843,0.054188674,14.2,37.8494,19.24844848,1.0592267,-2.9418316,6.3156624,NA,1.84569592
Croatia,2004,101.41431,HRV,NA,0.983921508,3.748536877,0.040858446,13.7,39.9591,19.13402747,1.8775213,-3.9785141,6.3000325,NA,-0.11442101
Croatia,2005,101.72838,HRV,NA,0.819971041,3.790897706,0.04236083,12.8,40.8979,20.05750518,2.7616805,-1.2650188,5.1255788,NA,0.92347771
Croatia,2006,102.87267,HRV,4.43,0.843687029,3.840463499,0.049565793,11.3,38.3722,21.30173335,4.7346612,-0.2291417,4.9947816,NA,1.24422817
Croatia,2008,107.38434,HRV,6.04,1.020733367,3.909213782,0.019494656,8.6,38.915,22.2874669,6.922435,-0.5665946,5.5660727,NA,0.98573355
Croatia,2009,108.97332,HRV,7.83,0.952770801,3.83864162,-0.070572162,9.2,47.9152,19.20240269,-0.9243629,-4.8040081,5.5806169,NA,-3.08506421
Croatia,2010,105.20019,HRV,6.29,0.55996436,3.825210994,-0.013430626,11.7,56.8021,16.99875231,-2.0985424,-4.2846878,3.8187507,0.604300977,-2.20365038
Croatia,2011,102.33792,HRV,6.54,0.501028302,3.82423297,-0.000978024,13.7,63.1302,16.21277475,-2.1557086,-4.9626595,3.6037148,0.379527132,-0.78597756
Croatia,2012,99.78063,HRV,6.13,0.501520816,3.801437543,-0.022795427,16,68.8496,15.51705694,-4.2250692,-2.448516,3.6886241,0.957872897,-0.69571781
Croatia,2013,101.04243,HRV,4.68,0.59521823,3.800182312,-0.001255231,17.3,79.4796,15.16254641,-4.4815529,-2.4322019,4.0560367,0.129772925,-0.35451053
Croatia,2014,101.49502,HRV,4.05,0.483162325,3.794595291,-0.00558702,17.3,83.2238,15.14470177,-5.2179957,-1.7389545,3.646389,0.259088259,-0.01784464
Croatia,2015,100,HRV,3.55,0.444876829,3.817561106,0.022965815,16.2,82.7694,15.65707078,-3.6132153,-0.0737416,3.4297456,-0.17730949,0.51236901
Croatia,2016,101.11708,HRV,3.49,0.38675768,3.85158709,0.034025985,13.1,79.2553,16.42892724,-1.3528501,2.0235587,3.127834,-0.4596829,0.77185646
Croatia,2017,101.7263,HRV,2.77,0.236355916,3.883869953,0.032282863,11.2,76.1723,16.86554869,0.7299691,3.1788153,2.605583,-0.5256592,0.43662145
Croatia,2018,104.24891,HRV,2.17,0.550148002,3.912502803,0.028632849,8.5,72.8471,16.51153881,1.774166,2.2460174,3.4653552,0.7768938,-0.35400988
Croatia,2019,102.75144,HRV,1.29,0.794713152,3.943036297,0.030533494,6.6,70.882,17.61805782,2.2553471,2.4157524,4.2924044,0.164449,1.10651901
Croatia,2020,102.25652,HRV,0.83,0.965576064,3.856261469,-0.086774828,7.4,86.4718,16.79873236,-8.3681055,-5.2531075,5.5538143,0.377549,-0.81932546
Croatia,2021,102.72017,HRV,0.45,0.93355993,3.975214471,0.118953002,7.5,78.2028,16.16915751,-0.0891639,-1.0159934,4.7755801,-0.7681684,-0.62957485
Croatia,2022,102.11596,HRV,2.7,0.831993973,4.04556052,0.070346049,6.8,68.5458,17.58304381,3.5383921,1.5146033,4.0212932,-0.3963633,1.4138863
Croatia,2023,106.70384,HRV,3.8,1.188412309,4.078052371,0.03249185,6.1,61.8364,16.89802091,2.4975681,0.8027062,5.5596215,0.9215037,-0.6850229
Hungary,2000,82.60355,HUN,8.55,1.078254804,4.414277901,0.043150018,6.2,55.6376,21.91354776,0.4079811,2.2414579,3.5578084,NA,NA
Hungary,2001,88.93813,HUN,7.95,1.214134433,4.454094661,0.03981676,5.5,52.2047,20.91270799,0.5869119,0.7032938,3.916552,NA,-1.00083977
Hungary,2002,97.64364,HUN,7.09,1.530037684,4.500310418,0.046215757,5.6,55.5567,19.57543194,1.1079287,-4.7945288,5.1289255,NA,-1.33727605
Hungary,2003,99.08744,HUN,6.82,1.262917435,4.538943008,0.038632589,5.7,58.1744,19.87359429,0.9254293,-3.1582215,3.7778106,NA,0.29816235
Hungary,2004,105.0317,HUN,8.19,1.31568374,4.587381732,0.048438724,5.9,58.9071,20.27065762,1.6118971,-2.2640964,3.7941971,0.572733514,0.39706333
Hungary,2005,106.35545,HUN,6.6,1.448992258,4.629485821,0.042104089,7,60.5788,19.70121289,2.1983305,-3.7260102,4.1565132,0.574799478,-0.56944473
Hungary,2006,100.83459,HUN,7.12,1.695230335,4.668070685,0.038584864,7.3,64.4889,18.39911861,3.1265148,-5.4214858,5.1157742,0.034634812,-1.30209428
Hungary,2008,114.91665,HUN,8.24,1.236352611,4.681273717,0.009885381,7.6,71.8011,20.16772598,0.6567883,0.2741948,3.1907244,-0.373145127,1.76860737
Hungary,2009,108.85694,HUN,9.12,1.235925991,4.611493384,-0.069780333,9.7,78.1884,19.26510523,-6.3949069,-0.2483433,3.4198687,0.235442935,-0.90262075
Hungary,2010,110.53093,HUN,7.28,1.306166291,4.62211656,0.010623175,10.8,80.1743,16.48159401,-5.3975851,-0.3379774,3.6299566,-0.145512387,-2.78351122
Hungary,2011,109.99872,HUN,7.64,1.235585892,4.641102005,0.018985446,10.7,80.4684,16.249962,-3.7353634,-1.0789564,3.3189658,-0.145570781,-0.23163201
Hungary,2012,107.75033,HUN,7.89,1.332034264,4.627616411,-0.013485594,10.7,78.364,15.49632377,-5.0625479,2.2323859,3.7046504,-0.495507932,-0.75363823
Hungary,2013,106.25918,HUN,5.92,1.51391847,4.647735097,0.020118686,9.8,77.2202,16.50401771,-3.8629009,1.9126748,4.3551232,-0.157696266,1.00769394
Hungary,2014,102.45651,HUN,4.81,1.756996843,4.690164818,0.04242972,7.5,76.4905,16.77759116,-1.281895,1.1875223,5.3228143,0.839095733,0.27357345
Hungary,2015,100,HUN,3.43,1.995073033,4.726109125,0.035944308,6.6,75.7182,15.77854355,0.3129525,1.4354844,6.515171,1.223155348,-0.99904761
Hungary,2016,100.79074,HUN,3.14,1.291760034,4.750203367,0.024094241,5,74.6336,16.46488722,0.7648484,1.2873965,3.1478735,-1.8575214,0.68634367
Hungary,2017,102.6181,HUN,2.96,1.695593049,4.790617601,0.040414234,4,72.0016,17.7901246,1.9512277,0.1880652,4.5273902,0.3553279,1.32523738
Hungary,2018,102.05962,HUN,3.06,1.993733267,4.845163731,0.05454613,3.6,68.8127,19.10117213,3.749854,0.275241,5.7761662,-0.0050791,1.31104753
Hungary,2019,101.23363,HUN,2.47,2.117643597,4.894688996,0.049525265,3.3,64.9703,20.90212906,4.612911,0.1885225,6.2222095,-0.1526261,1.80095693
Hungary,2020,97.48882,HUN,2.23,2.103232328,4.850331777,-0.044357219,4.1,78.6866,20.1013064,-2.9603853,-5.1772093,6.4113565,0.1406122,-0.80082266
Hungary,2021,97.85221,HUN,3.06,2.14331618,4.919122335,0.068790558,4.1,76.2194,21.02878107,0.7637774,-4.8688467,6.2299222,-0.2242615,0.92747467
Hungary,2022,93.22293,HUN,7.57,2.02950607,4.960848665,0.041726329,3.6,73.8429,22.58613664,2.2590266,-3.3686297,5.3325376,-0.1653629,1.55735557
Hungary,2023,107.50537,HUN,7.51,1.982027943,4.951341216,-0.009507449,4.1,73.438,20.85222765,-0.5710175,-1.9656447,5.1338551,0.3320484,-1.73390899
Ireland,2000,95.39746,IRL,5.51,1.633560321,4.985318741,0.089873323,4.5,36.4016,20.23977076,6.3381861,6.7976223,3.5022718,0.845628536,NA
Ireland,2001,97.80209,IRL,5.01,1.871708683,5.037017391,0.05169865,4.2,33.5568,19.71624026,4.1592932,2.3984109,4.2201122,0.061331894,-0.5235305
Ireland,2002,102.61816,IRL,5.01,1.929365102,5.094336299,0.057318908,4.7,30.8736,19.37154912,3.2311406,0.7993506,4.2215361,0.395372917,-0.34469114
Ireland,2003,112.61579,IRL,4.13,1.82072085,5.124029738,0.029693439,4.8,29.8188,21.23496242,0.3995713,1.565084,3.6761339,-0.399830011,1.8634133
Ireland,2004,115.60638,IRL,4.08,1.844096158,5.189706393,0.065676655,4.7,28.0871,23.42634071,1.5415762,2.3949195,3.5238716,-0.287888361,2.19137829
Ireland,2005,114.88293,IRL,3.33,1.903617444,5.245517272,0.055810879,4.6,26.0537,26.29196251,2.000079,2.5930267,3.5369704,-0.241416564,2.8656218
Ireland,2006,115.45316,IRL,3.76,2.024133854,5.29419135,0.048674079,4.8,23.6452,27.18626059,2.3010817,3.7759799,3.8004234,0.528613763,0.89429808
Ireland,2008,123.30355,IRL,4.53,2.35765192,5.300053815,-0.045877072,6.8,42.5137,19.56824698,-1.670314,-5.7474523,5.2738909,0.497454988,-7.61801361
Ireland,2009,121.52247,IRL,5.23,1.972282891,5.247751643,-0.052302171,12.6,61.7541,17.38323039,-6.1476973,-11.8575002,3.7799144,-0.688505978,-2.18501659
Ireland,2010,112.6589,IRL,5.74,1.882843611,5.264441647,0.016690004,14.6,86.1351,14.17204851,-3.5771112,-29.2730631,3.3993099,-1.063287899,-3.21118188
Ireland,2011,111.40295,IRL,9.6,1.575609769,5.280794572,0.016352925,15.4,109.4282,14.08068169,-1.6051742,-10.1233059,2.4595669,-0.665806961,-0.09136682
Ireland,2012,106.531,IRL,6.17,1.382793292,5.276796943,-0.003997629,15.5,118.7302,17.436866,-2.8459953,-4.2770338,2.0363651,-0.119555128,3.35618431
Ireland,2013,108.30734,IRL,3.79,1.379487315,5.298481895,0.021684951,13.8,117.4946,16.26112831,-2.47664,-2.0302663,1.9861051,-0.141864344,-1.17573769
Ireland,2014,107.57288,IRL,2.37,1.536623312,5.387737927,0.089256032,11.9,101.2764,18.04362451,3.1682317,0.2665594,2.1256033,0.615678006,1.7824962
Ireland,2015,100,IRL,1.18,1.527316379,5.60780117,0.220063243,9.9,73.9967,22.56836778,5.4372708,0.5738883,1.689927,-0.342750987,4.52474327
Ireland,2016,100.99825,IRL,0.74,1.678479669,5.619953592,0.012152422,8.4,72.6397,32.13530196,1.8149461,1.5093814,1.9419573,0.2109385,9.56693418
Ireland,2017,101.27556,IRL,0.8,1.706971259,5.715714734,0.095761142,6.7,65.2341,30.64331064,0.039158,1.617417,1.8156195,-0.0441706,-1.49199132
Ireland,2018,102.56331,IRL,0.95,1.88292635,5.788447923,0.072733189,5.8,61.4716,25.90834896,-2.8264008,1.6784935,2.0130455,-0.1274522,-4.73496168
Ireland,2019,99.68114,IRL,0.33,2.051006951,5.837623947,0.049176024,5,55.9243,50.95482256,-5.6246185,1.6794393,2.267217,-0.0021892,25.0464736
Ireland,2020,100.0109,IRL,-0.06,2.141381502,5.906757436,0.069133489,5.9,57.007,39.01954228,-5.0942667,-3.8783942,2.3158907,-0.3217966,-11.93528028
Ireland,2021,99.85111,IRL,0.06,2.162522829,6.057378561,0.150621126,6.2,52.5642,20.0052714,5.7245748,-0.6669389,2.0346312,-0.1783827,-19.01427088
Ireland,2022,95.26123,IRL,1.75,2.235265561,6.140059158,0.082680597,4.5,43.1493,19.16009531,10.2850368,2.2880959,2.0145111,-0.0461494,-0.84517609
Ireland,2023,98.75848,IRL,2.87,2.320093747,6.083171291,-0.056887867,4.3,43.2833,20.86354044,0.8225748,2.1541055,2.3212193,0.2024467,1.70344513
Italy,2000,96.62805,ITA,5.58,3.840035669,7.422722654,0.038085989,10.7,108.7428,18.44567236,1.7367093,3.6824433,2.7800893,-0.299627993,NA
Italy,2001,97.0939,ITA,5.19,3.921180388,7.442588436,0.019865782,9.7,108.513,18.23611537,2.4008255,2.8623215,2.9557785,0.061635834,-0.20955699
Italy,2002,99.30412,ITA,5.03,3.732935755,7.44528395,0.002695514,9.1,105.9475,19.37008031,1.5940698,2.5407918,2.4420107,-0.725610825,1.13396494
Italy,2003,105.90572,ITA,4.25,3.949167483,7.445949488,0.000665539,8.8,105.1408,18.25476316,0.7463302,1.7143947,3.0294715,-0.176754732,-1.11531715
Italy,2004,107.5971,ITA,4.26,3.991120088,7.460581988,0.0146325,8.1,104.7376,18.24642709,1.1806725,1.1192185,3.1133775,-0.046559685,-0.00833607
Italy,2005,105.86616,ITA,3.56,4.008336255,7.468177246,0.007595258,7.8,106.171,18.52996485,1.4308731,0.3858384,3.1434758,-0.350115978,0.28353776
Italy,2006,105.34887,ITA,4.05,4.022351042,7.486011995,0.017834749,6.9,106.2486,18.79275373,2.6734875,0.80975,3.1314905,-0.175530235,0.26278888
Italy,2008,107.81746,ITA,4.68,4.026993855,7.490245195,-0.010284272,6.8,105.7782,18.42926924,2.0927608,2.3243027,3.1327743,-0.048561743,-0.36348449
Italy,2009,109.2154,ITA,4.31,4.117148745,7.435734585,-0.05451061,7.9,116.1112,16.69555781,-3.0945203,-0.6692731,3.6203998,0.057583484,-1.73371143
Italy,2010,104.26312,ITA,4.04,3.962454239,7.450909974,0.015175389,8.5,118.7169,17.18385977,-1.57902,0.0944408,3.0548016,-0.066093207,0.48830196
Italy,2011,104.32504,ITA,5.42,3.903817491,7.457840228,0.006930254,8.5,119.0856,17.04791711,-1.2178969,1.095355,2.8609317,0.17032738,-0.13594266
Italy,2012,102.36188,ITA,5.49,3.785892909,7.426089492,-0.031750735,10.9,125.849,15.85766787,-3.6184478,2.1331393,2.6247192,0.1000748,-1.19024924
Italy,2013,104.29713,ITA,4.32,3.714794928,7.407741829,-0.018347664,12.4,131.7795,14.82204284,-4.8777192,1.9154847,2.4898525,-0.245826571,-1.03562503
Italy,2014,104.59984,ITA,2.89,3.635253362,7.407727949,-1.39E-05,12.9,134.6837,14.54021741,-4.4586946,1.7321051,2.2995094,0.084848867,-0.28182543
Italy,2015,100,ITA,1.71,3.693070659,7.416545633,0.008817684,12,134.6545,14.66592476,-3.618262,1.6361669,2.4149906,0.227284273,0.12570735
Italy,2016,100.8826,ITA,1.49,3.640381383,7.428832052,0.012286419,11.7,134.0869,15.03039844,-2.3706166,1.4817668,2.2630641,0.0398738,0.36447368
Italy,2017,101.58189,ITA,2.11,3.615763699,7.444741639,0.015909587,11.3,133.5762,15.40628137,-1.016807,1.2362331,2.1731815,0.1318088,0.37588293
Italy,2018,103.48654,ITA,2.61,3.602790861,7.452973901,0.008232262,10.6,133.9889,15.84462105,-0.5689105,1.4286643,2.1275837,0.2568527,0.43833968
Italy,2019,101.19571,ITA,1.95,3.693907994,7.457256678,0.004282777,9.9,133.6392,15.80858693,-0.5296788,1.8875687,2.3205903,0.0833056,-0.03603412
Italy,2020,102.09034,ITA,1.17,3.725379507,7.364393022,-0.092863656,9.3,154.2881,15.57398989,-9.6113937,-5.9581013,2.6278256,-0.0037278,-0.23459704
Italy,2021,101.64437,ITA,0.81,3.89000012,7.449937784,0.085544762,9.5,145.7347,17.92646649,-1.5837285,-5.4347679,2.8440591,0.0075354,2.3524766
Italy,2022,99.37217,ITA,3.16,3.854883997,7.495501704,0.04556392,8.1,138.3491,19.22588512,1.7251731,-3.992379,2.6236134,0.0100315,1.29941863
Italy,2023,102.78356,ITA,4.28,4.053108444,7.502453575,0.006951871,7.7,134.7936,19.33089317,1.3236324,-3.5120748,3.1766426,0.3340027,0.10500805
Lithuania,2000,85.9434,LTU,NA,-0.718330036,3.002552267,0.033614483,16.4,23.4653,16.68492787,-4.8075307,-1.4497649,2.4212568,NA,NA
Lithuania,2001,86.33176,LTU,8.15,-0.717017505,3.065378355,0.062826087,17.3,22.8793,18.22461445,-3.8414829,-2.0212488,2.276809,NA,1.53968658
Lithuania,2002,88.72254,LTU,6.06,-0.386035284,3.130415096,0.065036741,13.7,22.1315,17.71756319,-3.2079295,-0.54977,2.9704676,NA,-0.50705126
Lithuania,2003,90.53946,LTU,5.32,-0.250620017,3.230729827,0.100314731,12.5,20.3588,18.45520639,1.0889183,-0.0293865,3.0765817,NA,0.7376432
Lithuania,2004,90.01247,LTU,4.5,-0.032731182,3.293723654,0.062993828,10.9,18.5908,19.21171748,1.911608,-0.4925517,3.5920231,0.311228533,0.75651109
Lithuania,2005,88.38724,LTU,3.7,0.046608975,3.368195312,0.074471658,8.3,17.6399,19.79359553,3.9647097,0.4221866,3.6095527,-0.135437454,0.58187805
Lithuania,2006,88.09929,LTU,4.08,0.290385246,3.439543033,0.07134772,5.8,17.2999,21.72370445,5.2036434,0.4270906,4.2888233,-0.04375811,1.93010892
Lithuania,2008,96.20542,LTU,5.61,0.648268391,3.570267356,0.025662222,5.8,14.5705,20.66548155,6.0379689,-2.4290841,5.3825983,-0.336545178,-1.0582229
Lithuania,2009,102.78241,LTU,14,0.288072987,3.409645595,-0.160621761,13.8,27.9108,13.42549306,-10.5194282,-7.8199089,4.4087781,-1.121529037,-7.23998849
Lithuania,2010,97.33875,LTU,5.57,0.426117705,3.413908255,0.00426266,17.8,36.6943,12.04514408,-10.2088213,-5.1042116,5.0398667,0.74545684,-1.38034898
Lithuania,2011,97.86526,LTU,5.16,0.472890975,3.475225732,0.061317476,15.4,37.4336,13.83177474,-5.559827,-4.0600082,4.9670963,-0.148785852,1.78663066
Lithuania,2012,95.87059,LTU,4.83,0.338826424,3.518121381,0.04289565,13.4,39.9035,13.41640286,-2.8657798,-1.1642449,4.1614985,-1.040842588,-0.41537188
Lithuania,2013,96.74964,LTU,3.83,0.321153597,3.557793355,0.039671974,11.8,38.8564,14.74108384,-1.1194854,-0.9247569,3.9295717,-0.114801929,1.32468098
Lithuania,2014,99.52818,LTU,2.79,0.298970342,3.594824511,0.037031156,10.7,40.7238,15.40389996,0.1770342,-0.0865144,3.7036396,0.070151464,0.66281612
Lithuania,2015,100,LTU,1.38,0.358373501,3.622758615,0.027934104,9.1,42.4159,15.77520832,0.5199504,0.8386593,3.8220429,-0.097839105,0.37130836
Lithuania,2016,101.92782,LTU,0.9,0.201487446,3.6491272,0.026368585,7.9,39.7899,16.73694704,0.8790817,1.4590154,3.1820652,-0.3786039,0.96173872
Lithuania,2017,102.38635,LTU,0.31,0.301885769,3.69421768,0.04509048,7.1,39.1259,16.77434769,2.5125103,1.5496321,3.3630163,0.2934133,0.03740065
Lithuania,2018,106.58419,LTU,0.31,0.323326198,3.742229919,0.048012238,6.2,33.3462,17.41726409,3.7064172,1.4823472,3.2748317,-0.0434152,0.6429164
Lithuania,2019,105.82676,LTU,0.31,0.332019819,3.787942583,0.045712664,6.3,35.5938,18.0444942,3.8387199,1.3393792,3.155817,-0.336055,0.62723011
Lithuania,2020,109.29457,LTU,0.22,0.687451398,3.788370654,0.000428071,8.5,45.8821,16.93292756,-0.1952432,-5.7014272,4.5007812,0.5888361,-1.11156664
Lithuania,2021,111.28115,LTU,0.16,0.402532042,3.850218237,0.061847583,7.1,43.2879,19.30401488,1.9598027,-0.6797853,3.1819174,-0.3234135,2.37108732
Lithuania,2022,116.15008,LTU,0.61,0.427927426,3.87527686,0.025058623,6,38.0583,19.29685158,0.8987332,-0.3722456,3.182989,0.299482,-0.0071633
Lithuania,2023,123.49846,LTU,2.88,0.713597076,3.878693704,0.003416844,6.9,37.3449,19.46212118,-2.0304266,-0.0987901,4.221006,0.4877452,0.1652696
Luxembourg,2000,91.46172,LUX,5.52,0.393231531,3.594161824,0.067080089,2.4,7.4941,16.55261913,5.0879091,5.8795277,4.0724301,-0.85896508,NA
Luxembourg,2001,91.81254,LUX,4.86,0.545715259,3.624442262,0.030280438,2.3,7.6232,17.27738277,3.273446,5.9341563,4.60178,0.049958255,0.72476364
Luxembourg,2002,92.57686,LUX,4.7,0.685796268,3.656187344,0.031745082,2.9,7.4479,16.17434506,2.1804172,2.2975808,5.1283251,0.599479986,-1.10303771
Luxembourg,2003,95.98553,LUX,3.32,0.718675806,3.682043895,0.025856551,3.7,7.4346,15.88452333,0.57791,0.5146166,5.164468,-0.610514008,-0.28982173
Luxembourg,2004,97.70785,LUX,2.84,0.754922707,3.723491728,0.041447833,5.1,7.8299,16.1055986,0.4948827,-1.2070854,5.1376777,-0.521625287,0.22107527
Luxembourg,2005,98.66386,LUX,2.41,0.840844935,3.748017324,0.024525596,4.5,7.9502,13.88478382,-0.8684198,-0.016446,5.4629984,-0.462926807,-2.22081478
Luxembourg,2006,99.16617,LUX,3.3,0.494188118,3.806444022,0.058426698,4.7,8.2051,14.57165388,1.3160173,2.1270781,3.643389,-1.08090066,0.68687006
Luxembourg,2008,102.01664,LUX,4.61,0.582639602,3.881311807,-0.003006339,5.1,14.6275,16.45086824,2.1804563,3.7215106,3.6932173,-0.658182464,1.87921436
Luxembourg,2009,102.98976,LUX,4.23,0.688919342,3.848386264,-0.032925543,5.1,15.2852,13.77441247,-3.0783613,0.1524427,4.2448363,-0.295762457,-2.67645577
Luxembourg,2010,101.35392,LUX,3.17,0.817288382,3.885300518,0.036914254,4.4,19.0896,12.17273326,-0.9642213,0.0941213,4.6513526,0.573545238,-1.60167921
Luxembourg,2011,102.16978,LUX,2.92,0.72352493,3.895689335,0.010388816,4.9,18.5031,15.02197369,-1.9695959,1.1593858,4.1912783,-0.456537332,2.84924043
Luxembourg,2012,100.58964,LUX,1.82,0.671461591,3.912053805,0.01636447,5.1,20.8491,15.26345133,-2.5749982,0.9840469,3.9140709,-0.284456523,0.24147764
Luxembourg,2013,102.17927,LUX,1.85,0.583765708,3.943279007,0.031225203,5.9,22.4007,14.97905366,-1.6130922,1.3417392,3.4752169,-0.3307468,-0.28439767
Luxembourg,2014,102.74996,LUX,1.34,0.659995933,3.969171852,0.025892845,5.9,21.8504,15.49711419,-1.4141247,1.7437671,3.6546278,0.107583579,0.51806053
Luxembourg,2015,100,LUX,0.37,0.737651985,3.991615766,0.022443913,6.7,21.1151,13.44737848,-1.3483573,1.7089595,3.862082,-0.07178877,-2.04973571
Luxembourg,2016,100.71729,LUX,0.25,0.772172689,4.040198255,0.048582489,6.3,19.5885,13.47667693,1.0488703,2.2628601,3.8081542,-0.4543629,0.02929845
Luxembourg,2017,101.80476,LUX,0.54,0.843661115,4.053284171,0.013085916,5.5,21.7909,13.77414139,-0.0783065,1.7362922,4.0371828,-0.1922998,0.29746446
Luxembourg,2018,103.3844,LUX,0.56,0.82239269,4.065403617,0.012119446,5.6,20.9038,12.29879796,-0.9590185,3.5281921,3.9046153,-0.1674889,-1.47534343
Luxembourg,2019,102.82099,LUX,-0.12,0.904416208,4.094145042,0.028741425,5.6,22.3619,13.96183947,-0.7592059,3.0050521,4.1183037,0.0109668,1.66304151
Luxembourg,2020,103.29111,LUX,-0.41,1.023746835,4.085005085,-0.009139958,6.8,24.4853,12.01067443,-3.877646,-2.8707804,4.6828738,-0.5307636,-1.95116504
Luxembourg,2021,104.11984,LUX,-0.36,0.957320804,4.154236367,0.069231282,5.3,24.374,14.09335102,0.6764545,1.1630735,4.0888126,-0.1731894,2.08267659
Luxembourg,2022,102.32901,LUX,1.73,1.000677211,4.167943941,0.013707574,4.6,24.607,13.30293181,0.1020573,0.3433683,4.2118562,0.0250938,-0.79041921
Luxembourg,2023,101.76991,LUX,2.97,1.102935731,4.15692617,-0.011017771,5.2,25.5479,13.41421129,-3.034805,-0.3985519,4.7170317,0.1979984,0.11127948
Latvia,2000,91.99627,LVA,NA,-1.400963858,2.604242675,0.056768871,14.5,12.3799,23.37606609,-1.6632031,-1.8329462,1.8220473,NA,NA
Latvia,2001,91.58776,LVA,7.57,-1.514588962,2.666847071,0.062604396,13.9,14.1095,25.64181195,-1.8926053,-1.0618032,1.5276574,NA,2.26574586
Latvia,2002,88.79401,LVA,5.41,-1.379644914,2.740706157,0.073859086,12.6,13.4399,22.67742798,-1.0667751,-1.6533812,1.6238807,NA,-2.96438397
Latvia,2003,84.89773,LVA,4.9,-0.680970959,2.821633198,0.080927041,11.7,14.7592,22.36466694,-0.009893,-0.8454768,3.0118881,-0.707749219,-0.31276104
Latvia,2004,85.47613,LVA,4.86,-0.358336634,2.905285946,0.083652748,11.8,15.2161,25.61380933,0.7669447,-0.4632666,3.8249598,1.096887036,3.24914239
Latvia,2005,84.04699,LVA,3.88,-0.294089491,3.015173337,0.109887392,10.1,12.3899,28.37539842,3.9169383,0.0696807,3.6543073,0.796291203,2.76158909
Latvia,2006,86.37381,LVA,4.13,0.18942767,3.135841486,0.120668149,7.1,10.5715,30.06847445,8.5045846,-0.0799027,5.2527768,1.197682622,1.69307603
Latvia,2008,101.46403,LVA,6.43,0.32429658,3.200438369,-0.034475189,7.8,19.4699,27.7829784,4.0101084,-3.8661967,5.6351756,-0.769820018,-2.28549605
Latvia,2009,106.63934,LVA,12.36,0.060906729,3.025608291,-0.174830078,17.7,37.9889,17.75892297,-10.6518964,-8.2255692,5.1575843,0.648209506,-10.02405543
Latvia,2010,98.21862,LVA,10.34,-0.013130341,2.988309151,-0.03729914,19.7,48.6342,14.54826847,-11.6317349,-6.9777941,4.9715457,-0.916044927,-3.2106545
Latvia,2011,98.96698,LVA,5.91,0.133453947,3.018220607,0.029911457,16.3,46.5888,18.13821581,-7.8934475,-2.5884986,5.5867839,-0.28826958,3.58994734
Latvia,2012,97.46468,LVA,4.57,0.183601176,3.088727849,0.070507241,15.1,44.0483,21.53738464,-1.3257631,0.2841123,5.4741847,0.104507665,3.39916883
Latvia,2013,96.56515,LVA,3.34,0.082618127,3.109472119,0.020744271,11.9,41.7741,20.1181048,-0.4584197,0.3116661,4.8467881,-0.383581605,-1.41927984
Latvia,2014,99.31818,LVA,2.51,0.092750863,3.130205472,0.020733353,10.9,43.0789,18.84854705,-0.1334821,-0.2922708,4.7956803,0.983728474,-1.26955775
Latvia,2015,100,LVA,0.96,0.172624694,3.167340817,0.037135345,9.9,38.2791,17.30249753,1.0075159,-0.2110405,5.0050833,0.744911583,-1.54604952
Latvia,2016,101.23566,LVA,0.53,-0.10788316,3.192537599,0.025196782,9.7,41.7341,16.48310874,1.3103895,1.1042457,3.6867652,0.175498,-0.81938879
Latvia,2017,101.21142,LVA,0.83,0.188332606,3.225962257,0.033424658,8.7,40.3296,16.73170715,2.0223451,0.7177579,4.7948409,0.3859618,0.24859841
Latvia,2018,105.05481,LVA,0.9,0.427144717,3.268156535,0.042194279,7.4,38.3044,17.06711507,3.4760713,-0.5538577,5.836658,1.0130877,0.33540792
Latvia,2019,105.0414,LVA,0.34,0.304739144,3.27488747,0.006730935,6.3,37.9108,17.59448033,1.5028215,0.5989786,5.1295701,-0.4549531,0.52736526
Latvia,2020,107.20788,LVA,-0.06,0.415602004,3.239579223,-0.035308247,8.1,44.037,17.09267001,-3.9662175,-3.3628133,5.9369348,0.2011254,-0.50181032
Latvia,2021,107.52176,LVA,0,0.42929182,3.306744567,0.067165344,7.6,45.8718,17.30007155,-0.0053671,-6.6774352,5.6277935,-0.4460619,0.20740154
Latvia,2022,110.96968,LVA,2.27,0.224646835,3.324708989,0.017964422,6.9,44.4246,18.51058868,0.3652607,-4.3498365,4.5046407,-0.4825535,1.21051713
Latvia,2023,118.95042,LVA,3.83,0.458585444,3.341633135,0.016924146,6.5,44.9895,19.27412849,0.4933677,-1.650343,5.5963938,0.2648452,0.76353981
Malta,2000,95.44068,MLT,5.75,-1.453224728,1.798344779,0.062159415,6.6,61.1452,19.84911902,3.1255112,-1.4368827,3.871331,NA,NA
Malta,2001,96.47598,MLT,6.19,-1.560086011,1.790743373,-0.007601406,6.9,65.1662,17.86647749,-1.1067872,-2.3643543,3.5055242,NA,-1.98264153
Malta,2002,98.36035,MLT,5.82,-1.374220702,1.817785564,0.027042191,6.9,63.3695,13.33678346,-0.3355181,-1.4866799,4.1089254,NA,-4.52969403
Malta,2003,102.15886,MLT,5.04,-1.24123636,1.854054064,0.0362685,7.6,69.0082,17.32912509,0.8385911,-5.4482407,4.5261984,NA,3.99234163
Malta,2004,105.05478,MLT,4.69,-1.434459723,1.858119164,0.0040651,7.2,71.2102,17.42830464,-1.0277905,-0.536658,3.7157957,-1.975785714,0.09917955
Malta,2005,104.15211,MLT,4.56,-1.200158986,1.886523083,0.028403918,6.9,70.1507,17.97828098,-0.7763215,0.9706415,4.5653218,-0.152268974,0.54997634
Malta,2006,104.9016,MLT,4.32,-1.313089592,1.909616576,0.023093493,6.8,64.5452,16.45996614,-0.8048111,1.2675237,3.9847079,-1.751037464,-1.51831484
Malta,2008,110.35871,MLT,4.81,-1.701910754,2.001915041,0.043162002,6,61.5247,17.75284935,2.2524533,-0.7552289,2.462912,-1.016420508,1.29288321
Malta,2009,111.17047,MLT,4.54,-1.755876161,1.987863389,-0.014051652,6.9,66.0453,17.36340286,-2.3636507,0.0858826,2.3665439,-0.962061082,-0.38944649
Malta,2010,105.58515,MLT,4.19,-1.772459456,2.047993443,0.060130054,6.9,65.0323,18.63048275,0.0421693,0.7621707,2.1917872,-0.756855261,1.26707989
Malta,2011,104.80688,MLT,4.49,-1.494686797,2.057865443,0.009872,6.4,68.9383,15.12396894,-2.1007484,0.1308154,2.8651421,0.146672267,-3.50651381
Malta,2012,102.74765,MLT,4.13,-1.302393637,2.098063325,0.040197882,6.2,65.6117,16.44089279,-2.2521261,-0.3730216,3.3358023,0.451746872,1.31692385
Malta,2013,104.29704,MLT,3.36,-1.420525904,2.159086477,0.061023153,6.1,64.9299,14.50688736,-0.8020983,0.5719993,2.7886505,-0.321116043,-1.93400543
Malta,2014,104.98709,MLT,2.61,-1.139759724,2.232629258,0.073542781,5.7,60.7177,13.40923466,0.9964266,1.1398609,3.4307579,0.367886405,-1.0976527
Malta,2015,100,MLT,1.49,-0.885276678,2.32448454,0.091855282,5.4,55.013,19.62674426,2.6066999,1.427396,4.0366251,0.132843708,6.2175096
Malta,2016,101.41656,MLT,0.89,-1.326298334,2.364455057,0.039970517,4.7,53.1068,18.82056342,-0.447837,3.128584,2.4953196,-0.4091672,-0.80618084
Malta,2017,102.70071,MLT,1.28,-1.291133465,2.486419671,0.121964615,4,45.5131,16.4100535,4.8022082,5.084666,2.2878604,-0.3400495,-2.41050992
Malta,2018,104.65524,MLT,1.39,-0.876657813,2.55584496,0.069425289,4,41.3939,15.88081511,4.3104519,3.2759248,3.2305985,0.7093293,-0.52923839
Malta,2019,103.1564,MLT,0.67,-0.760635407,2.595882869,0.040037908,4.1,39.1958,16.59122553,0.9269202,1.9802442,3.4856408,-0.9065024,0.71041042
Malta,2020,104.66321,MLT,0.48,-0.742561328,2.560514151,-0.035368718,4.9,48.6739,17.34089783,-7.6744651,-7.5407932,3.6769906,-1.1974283,0.7496723
Malta,2021,103.43265,MLT,0.5,-0.621879415,2.686799326,0.126285175,3.8,49.6221,19.26963465,0.068963,-5.9519208,3.6564455,-1.0763714,1.92873682
Malta,2022,99.95112,MLT,2.41,-0.705626381,2.727443594,0.040644269,3.5,49.3957,21.01110279,-1.7575526,-4.3344415,3.228767,-0.6980535,1.74146814
Malta,2023,104.12935,MLT,3.71,-0.566964439,2.799746586,0.072302992,3.5,47.415,15.19160385,0.017117,-3.5011395,3.4502931,-1.0560291,-5.81949894
Netherlands,2000,95.87771,NLD,5.4,3.095403306,6.369377421,0.041331501,3.6,52.1636,18.74230137,2.7664062,4.5743944,3.7855685,-0.037855018,NA
Netherlands,2001,99.19392,NLD,4.96,3.153992891,6.392347339,0.022969918,2.8,49.4224,18.16930018,1.9852782,2.5427537,3.9228394,-0.029995197,-0.57300119
Netherlands,2002,102.12296,NLD,4.89,3.238033385,6.394802177,0.002454838,3.4,48.7006,16.7581691,-0.2374454,0.4635107,4.2563049,0.292087371,-1.41113108
Netherlands,2003,106.67587,NLD,4.12,3.253652883,6.395780028,0.000977851,4.5,49.8121,16.1970942,-2.179292,-0.71606,4.3190827,0.162874004,-0.5610749
Netherlands,2004,106.90149,NLD,4.1,3.186565011,6.415742544,0.019962516,5.6,50.1026,16.21997355,-2.0062439,0.5844917,3.9590047,-0.237426441,0.02287935
Netherlands,2005,105.2698,NLD,3.37,3.183503484,6.435878087,0.020135543,7.2,49.5871,16.44411179,-1.5750217,1.7379529,3.8682244,0.293059827,0.22413824
Netherlands,2006,104.38605,NLD,3.78,3.263536305,6.470640559,0.034762472,6.1,44.9672,16.86220304,0.0685776,2.114925,4.0473645,0.183913585,0.41809125
Netherlands,2008,105.1811,NLD,4.23,3.317792509,6.52970506,0.020947219,4.5,54.3584,17.90314433,2.270178,2.1354247,4.0279503,0.033395541,1.04094129
Netherlands,2009,107.20439,NLD,3.69,3.360773348,6.49236357,-0.03734149,5.4,56.2961,16.71763151,-2.5581514,-2.9990177,4.3648331,0.026436271,-1.18551282
Netherlands,2010,103.0497,NLD,2.99,3.347752114,6.505470498,0.013106928,6.1,58.9034,15.18781628,-1.9731035,-3.3973954,4.2522651,-0.115493736,-1.52981523
Netherlands,2011,102.6926,NLD,2.99,3.365960471,6.523048547,0.017578048,6,61.173,15.67651861,-1.0565077,-2.5626017,4.2549462,-0.278464673,0.48870233
Netherlands,2012,100.81008,NLD,1.93,3.25782265,6.513221654,-0.009826892,6.8,65.7005,14.73386283,-2.542026,-2.0968291,3.856543,0.048560503,-0.94265578
Netherlands,2013,103.54391,NLD,1.96,3.227388705,6.512919276,-0.000302378,8.2,67.1731,14.45714706,-3.0243539,-1.1818495,3.7420725,-0.017624106,-0.27671577
Netherlands,2014,103.50373,NLD,1.45,3.19404004,6.528916741,0.015997465,8.4,67.1777,13.8279202,-2.1070423,-0.7226356,3.5618978,-0.196810994,-0.62922686
Netherlands,2015,100,NLD,0.69,3.22545414,6.549901069,0.020984327,7.9,63.8101,18.20760182,-1.5086191,-0.4380877,3.599242,0.318917923,4.37968162
Netherlands,2016,101.23715,NLD,0.29,3.206936518,6.573854733,0.023953664,7,60.8924,15.8446211,-0.5224312,1.4150727,3.4495782,0.0344369,-2.36298072
Netherlands,2017,101.81951,NLD,0.52,3.213045776,6.601290375,0.027435642,5.9,55.9944,16.38146075,0.5129009,2.3357186,3.3767901,0.0183481,0.53683965
Netherlands,2018,103.32463,NLD,0.58,3.225570442,6.623626459,0.022336084,4.9,51.5576,16.60719979,0.9194996,2.3794795,3.343821,-0.1253745,0.22573904
Netherlands,2019,103.68931,NLD,-0.07,3.262840301,6.646366839,0.02274038,4.4,47.5826,17.51479632,1.109848,2.5586701,3.3927597,0.0057303,0.90759653
Netherlands,2020,105.63281,NLD,-0.38,3.29611055,6.606919379,-0.03944746,4.9,53.3478,17.62529349,-4.5599875,-2.9147677,3.648665,-0.0121359,0.11049717
Netherlands,2021,105.66091,NLD,-0.33,3.289639367,6.667796503,0.060877124,4.2,50.4313,17.27485839,-0.5184669,-1.6553194,3.4110257,-0.2102142,-0.3504351
Netherlands,2022,107.03049,NLD,1.38,3.267845099,6.716655559,0.048859055,3.5,48.3453,17.29035439,2.325728,0.5800849,3.1783422,-0.2578554,0.015496
Netherlands,2023,108.13823,NLD,2.79,3.258670186,6.717400889,0.000745331,3.6,45.0982,16.94896679,0.1682861,0.3268081,3.1469681,0.0890346,-0.3413876
Poland,2000,98.13598,POL,11.79,1.994971559,5.541708782,0.045512317,16.8,36.2283,20.93089104,1.6310972,-0.9843428,2.8818536,NA,NA
Poland,2001,109.70427,POL,10.68,1.979986178,5.553970491,0.012261709,19,37.0787,17.76137207,-1.4596573,-1.6193708,2.8043881,NA,-3.16951897
Poland,2002,104.66993,POL,7.36,2.009135949,5.572803775,0.018833284,20.7,41.5662,15.70978327,-3.255425,-1.9355393,2.8334724,NA,-2.0515888
Poland,2003,93.39027,POL,5.78,2.026191504,5.607431062,0.034627286,20.4,46.4071,15.46682567,-3.4928493,-3.0691729,2.7841144,-0.171157987,-0.2429576
Poland,2004,92.53087,POL,6.9,2.10961817,5.657085651,0.04965459,19.7,44.9085,15.71983673,-1.9881249,-2.2918069,2.8797479,-0.142861614,0.25301106
Poland,2005,102.72138,POL,5.22,2.275339407,5.689173505,0.032087854,18.5,46.4742,15.82364663,-1.733096,-1.4702107,3.2914759,-0.566973576,0.1038099
Poland,2006,104.22482,POL,5.23,2.489756405,5.749347468,0.060173963,14.4,47.0976,16.84696999,0.5402369,-1.1671597,3.8404099,0.060389457,1.02332336
Poland,2008,117.32858,POL,6.07,2.799340477,5.857668615,0.042903766,7.4,46.5594,18.52213129,2.7066896,-1.4882763,4.696614,0.496955194,1.6751613
Poland,2009,100.17196,POL,6.12,2.88020415,5.883483811,0.025815195,8.5,49.6898,16.6766129,1.5185714,-4.7901928,4.9624031,0.125719442,-1.84551839
Poland,2010,106.22222,POL,5.78,3.050171513,5.914681278,0.031197468,10,53.7375,13.90925963,1.0323386,-4.9304616,5.7011064,-0.568061139,-2.76735327
Poland,2011,103.75586,POL,5.96,3.155830515,5.965901533,0.051220254,10,54.7708,14.37802916,1.8187858,-2.4321343,6.0200712,-0.659247006,0.46876953
Poland,2012,101.42612,POL,5,2.960484583,5.98090618,0.015004648,10.4,54.4631,14.54567545,-0.192803,-1.11537,4.8780638,-0.592813435,0.16764629
Poland,2013,101.66002,POL,4.03,2.838696204,5.987725468,0.006819288,10.6,56.8493,14.51162943,-2.4254983,-1.7030495,4.2893743,0.236842656,-0.03404602
Poland,2014,102.69036,POL,3.52,2.969624751,6.026181376,0.038455908,9.2,51.1003,15.27984895,-2.009404,-1.6943354,4.7049424,0.792880489,0.76821952
Poland,2015,100,POL,2.7,2.974041725,6.0695451,0.043363724,7.7,51.0298,15.71584514,-1.1595041,-0.8436728,4.5252227,0.108416695,0.43599619
Poland,2016,96.52778,POL,3.04,2.684020759,6.099406687,0.029861586,6.3,54.1288,15.06063608,-1.3235634,-0.6785944,3.2863727,-0.8185705,-0.65520906
Poland,2017,99.24514,POL,3.42,2.87357316,6.14964773,0.050241044,5,50.4398,13.69642642,0.2642739,0.0750688,3.7776262,-0.0765462,-1.36420966
Poland,2018,100.1746,POL,3.2,3.133929429,6.21023347,0.060585739,3.9,48.2307,14.14280958,2.3846843,1.1793236,4.6129447,0.1560449,0.44638316
Poland,2019,99.19998,POL,2.35,3.101121833,6.255019922,0.044786452,3.3,45.2054,14.87707022,2.8645973,0.6246518,4.2685407,-0.2592571,0.73426064
Poland,2020,100.2689,POL,1.5,3.11483413,6.234454143,-0.020565779,3.2,56.5847,13.98009634,-2.6782293,-5.563185,4.417394,-0.1369488,-0.89697388
Poland,2021,99.75084,POL,1.95,3.10198203,6.301432076,0.066977933,3.4,53.0136,12.84947371,0.6781244,-0.6515079,4.078462,-0.4096256,-1.13062263
Poland,2022,99.10005,POL,6.05,3.070897386,6.352652143,0.051220068,2.9,48.7859,12.67993849,1.5894835,-1.9072835,3.7562281,-0.2942996,-0.16953522
Poland,2023,109.56186,POL,5.8,3.369448433,6.354039535,0.001387392,2.8,49.7181,12.6873709,-1.2486769,-3.209686,5.0560176,0.5357296,0.00743241
Portugal,2000,95.59368,PRT,5.59,2.08478887,5.162273322,0.037452115,4.8,54.1931,23.39553555,2.0882211,-0.1637666,4.6075033,-0.19827417,NA
Portugal,2001,98.0366,PRT,5.16,2.192390256,5.181523106,0.019249784,4.8,57.3802,22.34848831,1.1910056,-1.7531945,5.0331059,0.528324669,-1.04704724
Portugal,2002,100.54498,PRT,5.01,2.111780834,5.189203093,0.007679988,6,60.0437,21.24931342,-0.0711786,-0.451828,4.6077893,0.189654067,-1.09917489
Portugal,2003,105.48086,PRT,4.18,2.05090817,5.179854324,-0.00934877,7.5,63.8973,19.38404673,-2.2822221,-3.0409838,4.3763905,0.497155397,-1.86526669
Portugal,2004,106.74231,PRT,4.14,2.082367743,5.197583365,0.017729041,7.8,67.0995,18.98717491,-1.7531875,-3.6348496,4.4368942,1.406565926,-0.39687182
Portugal,2005,105.79069,PRT,3.44,2.006151326,5.205371415,0.00778805,9,72.2491,19.04717485,-1.8042594,-3.5622225,4.0794007,0.695577133,0.05999994
Portugal,2006,106.19872,PRT,3.91,1.827070483,5.221491307,0.016119892,9.1,73.6794,19.17685199,-1.0383964,-1.3845143,3.3559992,0.35226478,0.12967714
Portugal,2008,107.97793,PRT,4.52,1.956197602,5.249435432,0.003187504,9,75.6425,19.13889118,0.5102076,-0.6992075,3.7133427,0.647348115,-0.03796081
Portugal,2009,107.36391,PRT,4.21,2.025398597,5.21771655,-0.031718882,11.2,87.7991,17.09394333,-2.3577532,-6.8926835,4.1076538,0.294458239,-2.04494785
Portugal,2010,104.05504,PRT,5.4,2.291810226,5.234944045,0.017227495,12.6,100.0754,15.37800427,-0.5304693,-8.5019294,5.2700331,1.248238103,-1.71593906
Portugal,2011,104.77009,PRT,10.24,1.860162964,5.217659978,-0.017284066,13.5,114.2591,15.00188296,-1.5873176,-3.4610193,3.482231,0.201789727,-0.37612131
Portugal,2012,103.09609,PRT,10.55,1.474320416,5.176307927,-0.041352051,16.6,128.8489,13.41071611,-4.1595232,-1.3745207,2.4674444,-0.372718016,-1.59116685
Portugal,2013,103.44447,PRT,6.29,1.340699009,5.166418077,-0.00988985,17.2,131.2886,12.65064095,-4.1470459,-0.4447032,2.1802759,-0.4336601,-0.76007516
Portugal,2014,102.97213,PRT,3.75,1.257605725,5.173804616,0.007386539,14.6,132.8386,13.11907901,-3.2825441,-2.5504851,1.9916661,-0.470486296,0.46843806
Portugal,2015,100,PRT,2.42,1.396888049,5.189577258,0.015772642,13,131.4134,13.4005843,-2.0874912,0.0595342,2.2534918,0.156811912,0.28150529
Portugal,2016,101.63304,PRT,3.17,1.0428854,5.209420791,0.019843533,11.5,131.5827,14.17613295,-0.9690098,2.1521536,1.5505893,-0.2990035,0.77554865
Portugal,2017,102.32894,PRT,3.05,1.218414315,5.242029998,0.032609208,9.2,126.4261,15.29684808,0.842469,0.7313213,1.7888166,0.1413774,1.12071513
Portugal,2018,103.33061,PRT,1.84,1.282332772,5.271067578,0.02903758,7.2,121.5919,15.97647193,2.1176208,2.8941795,1.8523139,-0.1821216,0.67962385
Portugal,2019,101.43442,PRT,0.76,1.30666554,5.298154003,0.027086425,6.6,116.5451,16.58560613,3.1248711,3.0192098,1.8472198,-0.1035714,0.6091342
Portugal,2020,102.19528,PRT,0.41,1.444955527,5.212545626,-0.085608377,7.1,134.0964,17.1855325,-6.6126126,-2.9183311,2.3107683,-0.173263,0.59992637
Portugal,2021,100.45612,PRT,0.3,1.609935623,5.266643477,0.054097851,6.7,123.8782,17.92123839,-3.3425275,-0.4615376,2.5817374,0.1089935,0.73570589
Portugal,2022,98.55962,PRT,2.17,1.596155248,5.334169659,0.067526182,6.2,111.2317,18.19310854,0.9867213,1.5784333,2.3801317,-0.1971213,0.27187015
Portugal,2023,100.77385,PRT,3.24,1.709561549,5.359118425,0.024948766,6.5,97.9297,17.51376577,1.0094545,3.2810075,2.6002646,-0.109823,-0.67934277
Romania,2000,82.54787,ROU,NA,1.159803937,4.526177179,0.024313427,8.9,22.4866,15.66836555,-2.1763287,-0.6466922,3.4514567,NA,NA
Romania,2001,83.70778,ROU,NA,0.982861083,4.577041927,0.050864748,8.3,25.8694,18.29138571,0.4251508,-0.0112444,2.7483274,NA,2.62302016
Romania,2002,83.78222,ROU,NA,1.202136097,4.632504523,0.055462596,10.5,24.8208,18.22620656,2.8037296,0.5236042,3.2375067,NA,-0.06517915
Romania,2003,81.51391,ROU,NA,1.336242512,4.65564666,0.023142137,8.5,22.1093,19.12270026,0.9902327,0.2198339,3.6174379,NA,0.8964937
Romania,2004,83.25166,ROU,NA,1.189345874,4.754842523,0.099195863,9.9,18.9452,19.46699226,5.0578645,0.3719426,2.8282922,NA,0.344292
Romania,2005,97.87587,ROU,NA,1.245612025,4.800466671,0.045624148,8.8,15.9051,20.50439261,3.7194017,0.4350525,2.8585532,NA,1.03740035
Romania,2006,104.44408,ROU,7.23,1.932017112,4.877694533,0.077227862,8.9,12.4236,21.35949884,5.0107526,-1.2989749,5.2566412,2.038056136,0.85510623
Romania,2008,107.16256,ROU,7.7,2.299351598,5.036530298,0.088994507,7.1,12.3316,30.81178541,6.8610218,-4.6896679,6.475281,0.868215148,9.45228657
Romania,2009,99.29171,ROU,9.69,2.125184265,4.97978309,-0.056747207,8.4,21.7739,20.24616852,-1.4100874,-7.6177259,5.7578963,0.286911448,-10.56561689
Romania,2010,100.85594,ROU,7.34,2.056507396,4.939941972,-0.039841119,9,28.9614,20.0770265,-5.7578083,-5.3056217,5.5942344,0.855745738,-0.16914202
Romania,2011,103.72017,ROU,7.29,2.016677612,4.983916665,0.043974693,9.1,32.3448,21.62372129,-2.4288319,-3.6255162,5.1445162,-0.071028895,1.54669479
Romania,2012,97.37585,ROU,6.68,1.920408562,5.002773658,0.018856993,8.7,35.3745,22.42325964,-1.6605015,-1.7949672,4.5850654,-0.259574066,0.79953835
Romania,2013,101.28805,ROU,5.41,1.888408282,5.005557677,0.002784019,9,37.7813,19.97680085,-2.5055688,-0.3759139,4.428324,-0.070597415,-2.44645879
Romania,2014,102.66319,ROU,4.49,1.941794096,5.045892685,0.040335009,8.6,39.1367,20.12616257,-0.7345152,0.4308684,4.4864966,-0.062192552,0.14936172
Romania,2015,100,ROU,3.47,2.118406212,5.076975317,0.031082631,8.4,37.7113,19.73286293,-0.9465482,0.9483283,5.1893162,0.268094173,-0.39329964
Romania,2016,98.74988,ROU,3.32,1.786452134,5.105173435,0.028198119,7.2,37.8339,19.41795097,-2.0009502,-1.2012831,3.6199105,-0.1245052,-0.31491196
Romania,2017,97.04271,ROU,3.96,1.540095768,5.183942269,0.078768833,6.1,35.2623,20.26253812,0.5085411,-1.4361325,2.6151552,-0.4178381,0.84458715
Romania,2018,99.28147,ROU,4.69,1.555276322,5.243351542,0.059409274,5.3,34.3755,18.56284054,1.41956,-1.847883,2.5020103,-0.3432104,-1.69969758
Romania,2019,99.02395,ROU,4.54,1.888599907,5.281834066,0.038482523,4.9,34.9622,19.75150946,0.8098504,-3.2935192,3.3599834,0.3556666,1.18866892
Romania,2020,100.38762,ROU,3.89,2.123389505,5.244398222,-0.037435844,6.1,46.6116,18.91922932,-5.7243721,-7.9618324,4.4112662,0.0457998,-0.83228014
Romania,2021,100.34536,ROU,3.62,2.093319685,5.298372237,0.053974015,5.6,48.339,20.31848582,-2.5817519,-5.7974823,4.0556753,-1.4393411,1.3992565
Romania,2022,101.57791,ROU,7.48,2.206278194,5.337259462,0.038887225,5.6,47.896,20.66872986,-0.715678,-5.0029148,4.3674907,-0.981322,0.35024404
Romania,2023,107.17542,ROU,6.71,2.439213013,5.361017505,0.023758043,5.6,48.8856,21.59495991,-1.1572111,-4.6270802,5.3836455,0.6470804,0.92623005
Slovakia,2000,59.13756,SVK,8.33,0.493211598,3.777302716,0.007860472,18.8,50.4982,23.16018884,-2.3677529,-8.6434569,3.7474685,NA,NA
Slovakia,2001,60.04958,SVK,8.04,0.592422754,3.806131656,0.02882894,19.3,51.1993,25.72861374,-3.2468851,-3.7484701,4.0207151,NA,2.5684249
Slovakia,2002,61.54594,SVK,6.94,0.670846501,3.84935929,0.043227634,18.7,45.367,24.29230845,-3.0053962,-4.7855979,4.1647606,NA,-1.43630529
Slovakia,2003,69.53405,SVK,4.99,0.468208467,3.896783547,0.047424257,17.6,43.5237,22.06733035,-2.4264296,0.253331,3.2433159,NA,-2.2249781
Slovakia,2004,76.34789,SVK,5.03,0.447054397,3.949274942,0.052491395,18.2,41.8769,21.70861325,-1.2401347,-0.1628376,3.0130383,-0.37114684,-0.3587171
Slovakia,2005,78.2171,SVK,3.52,0.665279996,4.012109701,0.062834758,16.3,34.8768,23.57831482,-0.5787162,-1.1184285,3.519579,-0.506285474,1.86970157
Slovakia,2006,82.17775,SVK,4.41,0.841272692,4.097604908,0.085495207,13.4,31.4339,22.52272328,2.0119603,-2.1059801,3.852948,0.246374013,-1.05559154
Slovakia,2008,97.63722,SVK,4.72,0.889532261,4.252573652,0.052245184,9.5,28.613,22.16717071,5.8606215,-1.1880686,3.4629755,0.051343499,-0.35555257
Slovakia,2009,104.42812,SVK,4.71,0.968485184,4.19594665,-0.056627002,12,36.3838,17.73413827,-2.8619049,-6.7260801,3.965802,0.533863521,-4.43303244
Slovakia,2010,100.02611,SVK,3.87,0.953065654,4.261646583,0.065699933,14.3,40.6375,18.19295849,0.3233751,-6.1577215,3.6568019,0.376882844,0.45882022
Slovakia,2011,101.10839,SVK,4.45,1.004201116,4.286947897,0.025301314,13.5,43.2502,20.18900034,-1.1681471,-2.8102935,3.7525026,0.484800031,1.99604185
Slovakia,2012,101.17534,SVK,4.55,0.882348323,4.302518051,0.015570154,13.9,51.6741,17.77975955,-2.0055608,-2.5854629,3.2706879,-0.476881748,-2.40924079
Slovakia,2013,102.16231,SVK,3.19,0.926021384,4.309527157,0.007009106,14.1,54.5827,17.79821737,-3.2702318,-0.9611125,3.3928315,0.472345262,0.01845782
Slovakia,2014,102.38872,SVK,2.07,1.148016937,4.336246143,0.026718986,13.1,53.3474,17.05164291,-2.6522084,-1.3198402,4.1244842,0.883971631,-0.74657446
Slovakia,2015,100,SVK,0.89,1.646444638,4.386719357,0.050473214,11.5,51.5244,17.86499254,-0.5314973,-1.0292834,6.4552603,2.16387608,0.81334963
Slovakia,2016,100.52414,SVK,0.54,1.027374388,4.406010705,0.019291349,9.6,52.0467,18.2507204,-0.6893039,-0.9111562,3.4093929,0.1581305,0.38572786
Slovakia,2017,100.47552,SVK,0.92,1.045398702,4.434352661,0.028341955,8.1,51.2856,17.89912712,0.1479172,0.45174,3.3743968,-0.0294046,-0.35159328
Slovakia,2018,102.52534,SVK,0.89,1.186420581,4.47417068,0.039818019,6.5,49.1885,17.61096815,1.7575982,0.3340871,3.7337782,0.1445146,-0.28815897
Slovakia,2019,103.12181,SVK,0.25,1.167959228,4.496674236,0.022503556,5.7,47.9184,18.09735847,1.6033306,0.0271821,3.5839136,0.2233029,0.48639032
Slovakia,2020,105.752,SVK,-0.04,1.089614155,4.470479067,-0.026195169,6.7,58.4082,16.37915789,-2.3714574,-4.1246564,3.4018026,-0.4523429,-1.71820058
Slovakia,2021,105.70462,SVK,-0.08,1.021766262,4.526168775,0.055689708,6.8,60.167,16.57857003,1.5650593,-4.0095131,3.0064728,-0.568191,0.19941214
Slovakia,2022,107.08794,SVK,2.07,1.045676763,4.530655828,0.004487053,6.1,57.6799,16.52098401,0.7529803,-0.6347616,3.0654409,-0.432833,-0.05758602
Slovakia,2023,113.66923,SVK,3.65,1.208772312,4.544344867,0.013689039,5.8,56.0514,18.78612646,-0.6647191,-4.0444558,3.5594204,-1.2791287,2.26514245
Slovenia,2000,97.69188,SVN,NA,0.079833778,3.365352864,0.034381272,6.8,26.0854,23.85056043,0.4258412,-1.3756732,3.7421151,NA,NA
Slovenia,2001,97.19846,SVN,NA,0.167287002,3.393247091,0.027894227,6.2,26.324,22.6438423,-0.0882044,-2.2335458,3.9717618,NA,-1.20671813
Slovenia,2002,99.09945,SVN,8.72,0.150696311,3.425546044,0.032298952,6.3,27.6823,21.08188424,0.0868396,-0.2764621,3.7822541,NA,-1.56195806
Slovenia,2003,102.14746,SVN,6.4,0.1878624,3.45699617,0.031450126,6.7,27.0275,21.46091171,0.1327887,-0.7055785,3.8039371,NA,0.37902747
Slovenia,2004,101.67778,SVN,4.68,0.279633196,3.50145358,0.04445741,6.3,27.1005,22.22399293,1.4304958,-0.2862417,3.9882382,0.691080851,0.76308122
Slovenia,2005,99.86783,SVN,3.81,0.276341912,3.539270816,0.037817236,6.5,26.5885,22.95653864,2.2422008,0.184946,3.8276135,-0.199388826,0.73254571
Slovenia,2006,99.18662,SVN,3.85,0.459921107,3.59667851,0.057407694,6,26.2075,23.55916917,4.72401,0.1407918,4.3423368,-0.13400992,0.60263053
Slovenia,2008,102.01245,SVN,4.61,0.654147545,3.698803795,0.0331661,4.4,21.892,24.82496314,7.8265277,-0.3244392,4.7612676,0.641212357,1.26579397
Slovenia,2009,104.36345,SVN,4.38,0.649119502,3.619862654,-0.078941141,5.9,34.9355,19.29004322,-2.7049906,-4.5349822,5.1265198,0.177104185,-5.53491992
Slovenia,2010,101.64966,SVN,3.83,0.634808107,3.630922692,0.011060039,7.3,38.6017,16.22350473,-2.9313803,-3.900193,4.9980888,0.074777455,-3.06653849
Slovenia,2011,100.88235,SVN,4.97,0.440928524,3.637455624,0.006532932,8.2,46.8069,15.99444405,-3.1821526,-4.7713283,4.0904013,-0.296233603,-0.22906068
Slovenia,2012,99.6408,SVN,5.81,0.408049784,3.607866776,-0.029588848,8.9,54.0378,15.09070346,-6.6718545,-2.1465159,4.0769664,0.130768045,-0.90374059
Slovenia,2013,101.01171,SVN,5.81,0.469864595,3.59959486,-0.008271917,10.1,70.808,15.46077594,-8.2020105,-8.6172879,4.3729591,0.631692475,0.37007248
Slovenia,2014,102.13017,SVN,3.27,0.654700842,3.626848453,0.027253593,9.7,81.0817,14.31724403,-6.6795124,-1.2221858,5.1193249,-0.017455834,-1.14353191
Slovenia,2015,100,SVN,1.71,0.614731482,3.650499527,0.023651074,9,83.3571,14.11387625,-5.4562566,0.4411609,4.8037754,-0.759625684,-0.20336778
Slovenia,2016,100.47323,SVN,1.15,0.28298024,3.680392542,0.029893015,8,79.3639,14.43400121,-3.5985741,1.0742716,3.3459742,0.6064113,0.32012496
Slovenia,2017,100.25269,SVN,0.96,0.250315978,3.730842078,0.050449536,6.6,74.8214,15.41460647,9.77E-05,2.5914312,3.0791208,-0.1412472,0.98060526
Slovenia,2018,102.00088,SVN,0.93,0.475043082,3.773701415,0.042859337,5.1,70.9295,15.83700743,2.3246433,2.9252499,3.6932686,0.4990081,0.42240096
Slovenia,2019,101.55208,SVN,0.28,0.55446831,3.808153378,0.034451963,4.4,65.9359,15.89523314,3.2999604,2.3114038,3.8631585,0.0685032,0.05822571
Slovenia,2020,101.96522,SVN,0.08,0.581158404,3.766445636,-0.041707742,5,80.1699,14.88725617,-3.1439214,-6.0961688,4.1366363,-0.4088181,-1.00797697
Slovenia,2021,101.57847,SVN,0.07,0.787957785,3.847007998,0.080562361,4.8,74.832,15.57794538,2.4260688,-3.3764911,4.6932253,-0.514739,0.69068921
Slovenia,2022,100.24829,SVN,1.89,0.975950876,3.873642612,0.026634614,4,72.7388,16.40657494,2.7277473,-1.8867742,5.5150375,-0.2427573,0.82862956
Slovenia,2023,103.1267,SVN,3.4,0.944426181,3.89454841,0.020905798,3.7,68.3942,16.10197081,2.2757501,-1.3233833,5.233331,-0.7510866,-0.30460413
Sweden,2000,111.31824,SWE,5.37,2.568029665,5.806701421,0.045270567,6.7,50.3345,17.82146317,1.9265385,6.4372154,3.9215955,0.168320956,NA
Sweden,2001,102.21836,SWE,5.11,2.635476359,5.820217601,0.01351618,5,51.8749,18.04133615,0.3047797,4.0261115,4.138895,0.400589744,0.21987298
Sweden,2002,104.90552,SWE,5.3,2.704562838,5.842738583,0.022520982,5.2,49.7081,17.33042396,-0.2718474,1.458416,4.3361843,0.636574373,-0.71091219
Sweden,2003,112.39309,SWE,4.64,2.688306103,5.861373188,0.018634605,5.8,49.3119,16.91119102,-1.104148,0.863878,4.1874967,-0.318200375,-0.41923294
Sweden,2004,113.7843,SWE,4.42,2.713841491,5.902318673,0.040945485,6.6,48.5246,17.22336196,0.3388757,2.046816,4.1234622,-0.043958562,0.31217094
Sweden,2005,108.80091,SWE,3.38,2.665397236,5.929867489,0.027548817,7.6,48.7541,17.68767475,0.6244936,3.8926379,3.8217155,-0.139140894,0.46431279
Sweden,2006,107.9997,SWE,3.7,2.77302434,5.97556733,0.04569984,7.2,43.6537,18.49141268,2.6479253,3.9572878,4.0658679,0.031554134,0.80373793
Sweden,2008,106.55731,SWE,3.89,2.859738537,5.998033345,-0.009273917,6.3,37.722,19.65940766,0.3639305,3.477885,4.3356666,0.120077816,1.16799498
Sweden,2009,98.92364,SWE,3.25,2.854603436,5.9545453,-0.043488045,8.5,40.9406,17.56096096,-5.2792591,0.4227546,4.5051804,-0.008850587,-2.0984467
Sweden,2010,105.43123,SWE,2.89,2.920920373,6.010459973,0.055914673,8.7,38.339,17.49411764,-1.5178874,0.954349,4.5522903,0.02166969,-0.06684332
Sweden,2011,109.70231,SWE,2.61,2.931626026,6.041608968,0.031148995,7.9,37.395,17.94615877,-0.0358062,0.8278371,4.4601716,0.122074531,0.45204113
Sweden,2012,108.88418,SWE,1.59,2.959108479,6.037455561,-0.004153407,8.1,37.6931,17.65383328,-1.8599697,-0.1872192,4.6035293,0.027108586,-0.29232549
Sweden,2013,110.81657,SWE,2.12,2.974972752,6.048768552,0.01131299,8.1,40.4405,17.34082452,-2.2577919,-0.7692522,4.6245277,-0.142608857,-0.31300876
Sweden,2014,105.80819,SWE,1.72,3.012789822,6.071466657,0.022698106,8,45.3354,17.99785695,-1.7595257,-1.1743119,4.6949769,0.068402486,0.65703243
Sweden,2015,100,SWE,0.72,3.01482926,6.11462333,0.043156673,7.5,44.0306,18.73306904,0.5083256,0.2771434,4.5058481,0.089670025,0.73521209
Sweden,2016,100.82713,SWE,0.54,3.058296852,6.137848898,0.023225568,7.1,42.3661,19.25213714,0.6963834,1.3248819,4.597986,0.3993281,0.5190681
Sweden,2017,100.1016,SWE,0.65,3.12890268,6.15593586,0.018086962,6.8,41.8004,19.7195023,0.2765728,1.7099409,4.8459198,0.3631709,0.46736516
Sweden,2018,96.1456,SWE,0.65,3.193437319,6.174786763,0.018850903,6.5,39.8701,19.51601631,-0.0084439,1.1209454,5.072435,0.3858551,-0.20348599
Sweden,2019,92.47981,SWE,0.04,3.21783009,6.199963654,0.025176891,6.9,35.6938,18.75652687,0.35834,0.8351739,5.0684591,0.1279402,-0.75948944
Sweden,2020,95.39621,SWE,-0.04,3.253242303,6.17970652,-0.020257134,8.5,40.139,19.16322916,-3.4356133,-2.8980211,5.3586174,0.2446471,0.40670229
Sweden,2021,98.13127,SWE,0.27,3.231834629,6.237385698,0.057679178,8.9,36.6855,20.10001896,0.3958406,0.07658,4.9511462,-0.0258599,0.9367898
Sweden,2022,91.27081,SWE,1.53,3.270654871,6.251873008,0.01448731,7.5,33.629,20.47646743,0.1648303,1.504038,5.0730997,0.2261108,0.37644847
Sweden,2023,88.20512,SWE,2.51,3.299931568,6.24876143,-0.003111578,7.7,31.4894,19.79014105,-1.4913472,0.0932084,5.2400981,0.2890481,-0.68632638